sample_name	primer	platform	experiment_design_description	center_name	center_project_name	library_construction_protocol	instrument_model	sequencing_method	pcr_primer	run_prefix	run_center	target_gene	target_subfragment
FMT.0002D	CCGTCAATTYHTTTRAGT	Illumina	https://www.nature.com/articles/s41597-021-00860-8	Molecular Microbiology Facility (MMF) at Memorial Sloan Kettering	Liao_et_al_Data	16S, V4-V5	Illumina MiSeq	Sequencing by synthesis	FWD:AYTGGGYDTAAAGNG, REV:CCGTCAATTYHTTTRAGT	FMT.0002D..pool479	Molecular Microbiology Facility (MMF)	16S rRNA	V4-V5
FMT.0036A	CCGTCAATTYHTTTRAGT	Illumina	https://www.nature.com/articles/s41597-021-00860-8	Molecular Microbiology Facility (MMF) at Memorial Sloan Kettering	Liao_et_al_Data	16S, V4-V5	Illumina MiSeq	Sequencing by synthesis	FWD:AYTGGGYDTAAAGNG, REV:CCGTCAATTYHTTTRAGT	FMT.0036A..pool1022	Molecular Microbiology Facility (MMF)	16S rRNA	V4-V5
FMT.0068B	CCGTCAATTYHTTTRAGT	Illumina	https://www.nature.com/articles/s41597-021-00860-8	Molecular Microbiology Facility (MMF) at Memorial Sloan Kettering	Liao_et_al_Data	16S, V4-V5	Illumina MiSeq	Sequencing by synthesis	FWD:AYTGGGYDTAAAGNG, REV:CCGTCAATTYHTTTRAGT	FMT.0068B..pool698	Molecular Microbiology Facility (MMF)	16S rRNA	V4-V5
FMT.0068G	CCGTCAATTYHTTTRAGT	Illumina	https://www.nature.com/articles/s41597-021-00860-8	Molecular Microbiology Facility (MMF) at Memorial Sloan Kettering	Liao_et_al_Data	16S, V4-V5	Illumina MiSeq	Sequencing by synthesis	FWD:AYTGGGYDTAAAGNG, REV:CCGTCAATTYHTTTRAGT	FMT.0068G..pool698	Molecular Microbiology Facility (MMF)	16S rRNA	V4-V5
FMT.0068H	CCGTCAATTYHTTTRAGT	Illumina	https://www.nature.com/articles/s41597-021-00860-8	Molecular Microbiology Facility (MMF) at Memorial Sloan Kettering	Liao_et_al_Data	16S, V4-V5	Illumina MiSeq	Sequencing by synthesis	FWD:AYTGGGYDTAAAGNG, REV:CCGTCAATTYHTTTRAGT	FMT.0068H..pool698	Molecular Microbiology Facility (MMF)	16S rRNA	V4-V5
FMT.0068L	CCGTCAATTYHTTTRAGT	Illumina	https://www.nature.com/articles/s41597-021-00860-8	Molecular Microbiology Facility (MMF) at Memorial Sloan Kettering	Liao_et_al_Data	16S, V4-V5	Illumina MiSeq	Sequencing by synthesis	FWD:AYTGGGYDTAAAGNG, REV:CCGTCAATTYHTTTRAGT	FMT.0068L..pool698	Molecular Microbiology Facility (MMF)	16S rRNA	V4-V5
FMT.0068M	CCGTCAATTYHTTTRAGT	Illumina	https://www.nature.com/articles/s41597-021-00860-8	Molecular Microbiology Facility (MMF) at Memorial Sloan Kettering	Liao_et_al_Data	16S, V4-V5	Illumina MiSeq	Sequencing by synthesis	FWD:AYTGGGYDTAAAGNG, REV:CCGTCAATTYHTTTRAGT	FMT.0068M..pool698	Molecular Microbiology Facility (MMF)	16S rRNA	V4-V5
FMT.0068N	CCGTCAATTYHTTTRAGT	Illumina	https://www.nature.com/articles/s41597-021-00860-8	Molecular Microbiology Facility (MMF) at Memorial Sloan Kettering	Liao_et_al_Data	16S, V4-V5	Illumina MiSeq	Sequencing by synthesis	FWD:AYTGGGYDTAAAGNG, REV:CCGTCAATTYHTTTRAGT	FMT.0068N..pool698	Molecular Microbiology Facility (MMF)	16S rRNA	V4-V5
FMT.0068Q	CCGTCAATTYHTTTRAGT	Illumina	https://www.nature.com/articles/s41597-021-00860-8	Molecular Microbiology Facility (MMF) at Memorial Sloan Kettering	Liao_et_al_Data	16S, V4-V5	Illumina MiSeq	Sequencing by synthesis	FWD:AYTGGGYDTAAAGNG, REV:CCGTCAATTYHTTTRAGT	FMT.0068Q..pool698	Molecular Microbiology Facility (MMF)	16S rRNA	V4-V5
FMT.0068R	CCGTCAATTYHTTTRAGT	Illumina	https://www.nature.com/articles/s41597-021-00860-8	Molecular Microbiology Facility (MMF) at Memorial Sloan Kettering	Liao_et_al_Data	16S, V4-V5	Illumina MiSeq	Sequencing by synthesis	FWD:AYTGGGYDTAAAGNG, REV:CCGTCAATTYHTTTRAGT	FMT.0068R..pool698	Molecular Microbiology Facility (MMF)	16S rRNA	V4-V5
FMT.0068T	CCGTCAATTYHTTTRAGT	Illumina	https://www.nature.com/articles/s41597-021-00860-8	Molecular Microbiology Facility (MMF) at Memorial Sloan Kettering	Liao_et_al_Data	16S, V4-V5	Illumina MiSeq	Sequencing by synthesis	FWD:AYTGGGYDTAAAGNG, REV:CCGTCAATTYHTTTRAGT	FMT.0068T..pool698	Molecular Microbiology Facility (MMF)	16S rRNA	V4-V5
FMT.0068U	CCGTCAATTYHTTTRAGT	Illumina	https://www.nature.com/articles/s41597-021-00860-8	Molecular Microbiology Facility (MMF) at Memorial Sloan Kettering	Liao_et_al_Data	16S, V4-V5	Illumina MiSeq	Sequencing by synthesis	FWD:AYTGGGYDTAAAGNG, REV:CCGTCAATTYHTTTRAGT	FMT.0068U..pool698	Molecular Microbiology Facility (MMF)	16S rRNA	V4-V5
FMT.0068Z	CCGTCAATTYHTTTRAGT	Illumina	https://www.nature.com/articles/s41597-021-00860-8	Molecular Microbiology Facility (MMF) at Memorial Sloan Kettering	Liao_et_al_Data	16S, V4-V5	Illumina MiSeq	Sequencing by synthesis	FWD:AYTGGGYDTAAAGNG, REV:CCGTCAATTYHTTTRAGT	FMT.0068Z..pool698	Molecular Microbiology Facility (MMF)	16S rRNA	V4-V5
FMT.0069B	CCGTCAATTYHTTTRAGT	Illumina	https://www.nature.com/articles/s41597-021-00860-8	Molecular Microbiology Facility (MMF) at Memorial Sloan Kettering	Liao_et_al_Data	16S, V4-V5	Illumina MiSeq	Sequencing by synthesis	FWD:AYTGGGYDTAAAGNG, REV:CCGTCAATTYHTTTRAGT	FMT.0069B..pool698	Molecular Microbiology Facility (MMF)	16S rRNA	V4-V5
FMT.0069C	CCGTCAATTYHTTTRAGT	Illumina	https://www.nature.com/articles/s41597-021-00860-8	Molecular Microbiology Facility (MMF) at Memorial Sloan Kettering	Liao_et_al_Data	16S, V4-V5	Illumina MiSeq	Sequencing by synthesis	FWD:AYTGGGYDTAAAGNG, REV:CCGTCAATTYHTTTRAGT	FMT.0069C..pool698	Molecular Microbiology Facility (MMF)	16S rRNA	V4-V5
FMT.0069D	CCGTCAATTYHTTTRAGT	Illumina	https://www.nature.com/articles/s41597-021-00860-8	Molecular Microbiology Facility (MMF) at Memorial Sloan Kettering	Liao_et_al_Data	16S, V4-V5	Illumina MiSeq	Sequencing by synthesis	FWD:AYTGGGYDTAAAGNG, REV:CCGTCAATTYHTTTRAGT	FMT.0069D..pool698	Molecular Microbiology Facility (MMF)	16S rRNA	V4-V5
FMT.0069E	CCGTCAATTYHTTTRAGT	Illumina	https://www.nature.com/articles/s41597-021-00860-8	Molecular Microbiology Facility (MMF) at Memorial Sloan Kettering	Liao_et_al_Data	16S, V4-V5	Illumina MiSeq	Sequencing by synthesis	FWD:AYTGGGYDTAAAGNG, REV:CCGTCAATTYHTTTRAGT	FMT.0069E..pool698	Molecular Microbiology Facility (MMF)	16S rRNA	V4-V5
FMT.0069F	CCGTCAATTYHTTTRAGT	Illumina	https://www.nature.com/articles/s41597-021-00860-8	Molecular Microbiology Facility (MMF) at Memorial Sloan Kettering	Liao_et_al_Data	16S, V4-V5	Illumina MiSeq	Sequencing by synthesis	FWD:AYTGGGYDTAAAGNG, REV:CCGTCAATTYHTTTRAGT	FMT.0069F..pool698	Molecular Microbiology Facility (MMF)	16S rRNA	V4-V5
FMT.0069G	CCGTCAATTYHTTTRAGT	Illumina	https://www.nature.com/articles/s41597-021-00860-8	Molecular Microbiology Facility (MMF) at Memorial Sloan Kettering	Liao_et_al_Data	16S, V4-V5	Illumina MiSeq	Sequencing by synthesis	FWD:AYTGGGYDTAAAGNG, REV:CCGTCAATTYHTTTRAGT	FMT.0069G..pool698	Molecular Microbiology Facility (MMF)	16S rRNA	V4-V5
FMT.0069H	CCGTCAATTYHTTTRAGT	Illumina	https://www.nature.com/articles/s41597-021-00860-8	Molecular Microbiology Facility (MMF) at Memorial Sloan Kettering	Liao_et_al_Data	16S, V4-V5	Illumina MiSeq	Sequencing by synthesis	FWD:AYTGGGYDTAAAGNG, REV:CCGTCAATTYHTTTRAGT	FMT.0069H..pool698	Molecular Microbiology Facility (MMF)	16S rRNA	V4-V5
FMT.0069I	CCGTCAATTYHTTTRAGT	Illumina	https://www.nature.com/articles/s41597-021-00860-8	Molecular Microbiology Facility (MMF) at Memorial Sloan Kettering	Liao_et_al_Data	16S, V4-V5	Illumina MiSeq	Sequencing by synthesis	FWD:AYTGGGYDTAAAGNG, REV:CCGTCAATTYHTTTRAGT	FMT.0069I..pool698	Molecular Microbiology Facility (MMF)	16S rRNA	V4-V5
FMT.0069J	CCGTCAATTYHTTTRAGT	Illumina	https://www.nature.com/articles/s41597-021-00860-8	Molecular Microbiology Facility (MMF) at Memorial Sloan Kettering	Liao_et_al_Data	16S, V4-V5	Illumina MiSeq	Sequencing by synthesis	FWD:AYTGGGYDTAAAGNG, REV:CCGTCAATTYHTTTRAGT	FMT.0069J..pool698	Molecular Microbiology Facility (MMF)	16S rRNA	V4-V5
FMT.0069L	CCGTCAATTYHTTTRAGT	Illumina	https://www.nature.com/articles/s41597-021-00860-8	Molecular Microbiology Facility (MMF) at Memorial Sloan Kettering	Liao_et_al_Data	16S, V4-V5	Illumina MiSeq	Sequencing by synthesis	FWD:AYTGGGYDTAAAGNG, REV:CCGTCAATTYHTTTRAGT	FMT.0069L..pool698	Molecular Microbiology Facility (MMF)	16S rRNA	V4-V5
FMT.0069M	CCGTCAATTYHTTTRAGT	Illumina	https://www.nature.com/articles/s41597-021-00860-8	Molecular Microbiology Facility (MMF) at Memorial Sloan Kettering	Liao_et_al_Data	16S, V4-V5	Illumina MiSeq	Sequencing by synthesis	FWD:AYTGGGYDTAAAGNG, REV:CCGTCAATTYHTTTRAGT	FMT.0069M..pool698	Molecular Microbiology Facility (MMF)	16S rRNA	V4-V5
FMT.0069N	CCGTCAATTYHTTTRAGT	Illumina	https://www.nature.com/articles/s41597-021-00860-8	Molecular Microbiology Facility (MMF) at Memorial Sloan Kettering	Liao_et_al_Data	16S, V4-V5	Illumina MiSeq	Sequencing by synthesis	FWD:AYTGGGYDTAAAGNG, REV:CCGTCAATTYHTTTRAGT	FMT.0069N..pool698	Molecular Microbiology Facility (MMF)	16S rRNA	V4-V5
FMT.0069O	CCGTCAATTYHTTTRAGT	Illumina	https://www.nature.com/articles/s41597-021-00860-8	Molecular Microbiology Facility (MMF) at Memorial Sloan Kettering	Liao_et_al_Data	16S, V4-V5	Illumina MiSeq	Sequencing by synthesis	FWD:AYTGGGYDTAAAGNG, REV:CCGTCAATTYHTTTRAGT	FMT.0069O..pool698	Molecular Microbiology Facility (MMF)	16S rRNA	V4-V5
FMT.0069P	CCGTCAATTYHTTTRAGT	Illumina	https://www.nature.com/articles/s41597-021-00860-8	Molecular Microbiology Facility (MMF) at Memorial Sloan Kettering	Liao_et_al_Data	16S, V4-V5	Illumina MiSeq	Sequencing by synthesis	FWD:AYTGGGYDTAAAGNG, REV:CCGTCAATTYHTTTRAGT	FMT.0069P..pool698	Molecular Microbiology Facility (MMF)	16S rRNA	V4-V5
FMT.0069R	CCGTCAATTYHTTTRAGT	Illumina	https://www.nature.com/articles/s41597-021-00860-8	Molecular Microbiology Facility (MMF) at Memorial Sloan Kettering	Liao_et_al_Data	16S, V4-V5	Illumina MiSeq	Sequencing by synthesis	FWD:AYTGGGYDTAAAGNG, REV:CCGTCAATTYHTTTRAGT	FMT.0069R..pool698	Molecular Microbiology Facility (MMF)	16S rRNA	V4-V5
FMT.0069W	CCGTCAATTYHTTTRAGT	Illumina	https://www.nature.com/articles/s41597-021-00860-8	Molecular Microbiology Facility (MMF) at Memorial Sloan Kettering	Liao_et_al_Data	16S, V4-V5	Illumina MiSeq	Sequencing by synthesis	FWD:AYTGGGYDTAAAGNG, REV:CCGTCAATTYHTTTRAGT	FMT.0069W..pool698	Molecular Microbiology Facility (MMF)	16S rRNA	V4-V5
FMT.0069X	CCGTCAATTYHTTTRAGT	Illumina	https://www.nature.com/articles/s41597-021-00860-8	Molecular Microbiology Facility (MMF) at Memorial Sloan Kettering	Liao_et_al_Data	16S, V4-V5	Illumina MiSeq	Sequencing by synthesis	FWD:AYTGGGYDTAAAGNG, REV:CCGTCAATTYHTTTRAGT	FMT.0069X..pool698	Molecular Microbiology Facility (MMF)	16S rRNA	V4-V5
FMT.0069Y	CCGTCAATTYHTTTRAGT	Illumina	https://www.nature.com/articles/s41597-021-00860-8	Molecular Microbiology Facility (MMF) at Memorial Sloan Kettering	Liao_et_al_Data	16S, V4-V5	Illumina MiSeq	Sequencing by synthesis	FWD:AYTGGGYDTAAAGNG, REV:CCGTCAATTYHTTTRAGT	FMT.0069Y..pool698	Molecular Microbiology Facility (MMF)	16S rRNA	V4-V5
FMT.0077CC	CCGTCAATTYHTTTRAGT	Illumina	https://www.nature.com/articles/s41597-021-00860-8	Molecular Microbiology Facility (MMF) at Memorial Sloan Kettering	Liao_et_al_Data	16S, V4-V5	Illumina MiSeq	Sequencing by synthesis	FWD:AYTGGGYDTAAAGNG, REV:CCGTCAATTYHTTTRAGT	FMT.0077CC..pool658	Molecular Microbiology Facility (MMF)	16S rRNA	V4-V5
FMT.0077DD	CCGTCAATTYHTTTRAGT	Illumina	https://www.nature.com/articles/s41597-021-00860-8	Molecular Microbiology Facility (MMF) at Memorial Sloan Kettering	Liao_et_al_Data	16S, V4-V5	Illumina MiSeq	Sequencing by synthesis	FWD:AYTGGGYDTAAAGNG, REV:CCGTCAATTYHTTTRAGT	FMT.0077DD..pool658	Molecular Microbiology Facility (MMF)	16S rRNA	V4-V5
FMT.0077FF	CCGTCAATTYHTTTRAGT	Illumina	https://www.nature.com/articles/s41597-021-00860-8	Molecular Microbiology Facility (MMF) at Memorial Sloan Kettering	Liao_et_al_Data	16S, V4-V5	Illumina MiSeq	Sequencing by synthesis	FWD:AYTGGGYDTAAAGNG, REV:CCGTCAATTYHTTTRAGT	FMT.0077FF..pool658	Molecular Microbiology Facility (MMF)	16S rRNA	V4-V5
FMT.0077G	CCGTCAATTYHTTTRAGT	Illumina	https://www.nature.com/articles/s41597-021-00860-8	Molecular Microbiology Facility (MMF) at Memorial Sloan Kettering	Liao_et_al_Data	16S, V4-V5	Illumina MiSeq	Sequencing by synthesis	FWD:AYTGGGYDTAAAGNG, REV:CCGTCAATTYHTTTRAGT	FMT.0077G..pool658	Molecular Microbiology Facility (MMF)	16S rRNA	V4-V5
FMT.0077H	CCGTCAATTYHTTTRAGT	Illumina	https://www.nature.com/articles/s41597-021-00860-8	Molecular Microbiology Facility (MMF) at Memorial Sloan Kettering	Liao_et_al_Data	16S, V4-V5	Illumina MiSeq	Sequencing by synthesis	FWD:AYTGGGYDTAAAGNG, REV:CCGTCAATTYHTTTRAGT	FMT.0077H..pool658	Molecular Microbiology Facility (MMF)	16S rRNA	V4-V5
FMT.0077HH	CCGTCAATTYHTTTRAGT	Illumina	https://www.nature.com/articles/s41597-021-00860-8	Molecular Microbiology Facility (MMF) at Memorial Sloan Kettering	Liao_et_al_Data	16S, V4-V5	Illumina MiSeq	Sequencing by synthesis	FWD:AYTGGGYDTAAAGNG, REV:CCGTCAATTYHTTTRAGT	FMT.0077HH..pool658	Molecular Microbiology Facility (MMF)	16S rRNA	V4-V5
FMT.0077II	CCGTCAATTYHTTTRAGT	Illumina	https://www.nature.com/articles/s41597-021-00860-8	Molecular Microbiology Facility (MMF) at Memorial Sloan Kettering	Liao_et_al_Data	16S, V4-V5	Illumina MiSeq	Sequencing by synthesis	FWD:AYTGGGYDTAAAGNG, REV:CCGTCAATTYHTTTRAGT	FMT.0077II..pool658	Molecular Microbiology Facility (MMF)	16S rRNA	V4-V5
FMT.0077J	CCGTCAATTYHTTTRAGT	Illumina	https://www.nature.com/articles/s41597-021-00860-8	Molecular Microbiology Facility (MMF) at Memorial Sloan Kettering	Liao_et_al_Data	16S, V4-V5	Illumina MiSeq	Sequencing by synthesis	FWD:AYTGGGYDTAAAGNG, REV:CCGTCAATTYHTTTRAGT	FMT.0077J..pool658	Molecular Microbiology Facility (MMF)	16S rRNA	V4-V5
FMT.0077K	CCGTCAATTYHTTTRAGT	Illumina	https://www.nature.com/articles/s41597-021-00860-8	Molecular Microbiology Facility (MMF) at Memorial Sloan Kettering	Liao_et_al_Data	16S, V4-V5	Illumina MiSeq	Sequencing by synthesis	FWD:AYTGGGYDTAAAGNG, REV:CCGTCAATTYHTTTRAGT	FMT.0077K..pool658	Molecular Microbiology Facility (MMF)	16S rRNA	V4-V5
FMT.0077L	CCGTCAATTYHTTTRAGT	Illumina	https://www.nature.com/articles/s41597-021-00860-8	Molecular Microbiology Facility (MMF) at Memorial Sloan Kettering	Liao_et_al_Data	16S, V4-V5	Illumina MiSeq	Sequencing by synthesis	FWD:AYTGGGYDTAAAGNG, REV:CCGTCAATTYHTTTRAGT	FMT.0077L..pool658	Molecular Microbiology Facility (MMF)	16S rRNA	V4-V5
FMT.0077M	CCGTCAATTYHTTTRAGT	Illumina	https://www.nature.com/articles/s41597-021-00860-8	Molecular Microbiology Facility (MMF) at Memorial Sloan Kettering	Liao_et_al_Data	16S, V4-V5	Illumina MiSeq	Sequencing by synthesis	FWD:AYTGGGYDTAAAGNG, REV:CCGTCAATTYHTTTRAGT	FMT.0077M..pool658	Molecular Microbiology Facility (MMF)	16S rRNA	V4-V5
FMT.0077N	CCGTCAATTYHTTTRAGT	Illumina	https://www.nature.com/articles/s41597-021-00860-8	Molecular Microbiology Facility (MMF) at Memorial Sloan Kettering	Liao_et_al_Data	16S, V4-V5	Illumina MiSeq	Sequencing by synthesis	FWD:AYTGGGYDTAAAGNG, REV:CCGTCAATTYHTTTRAGT	FMT.0077N..pool658	Molecular Microbiology Facility (MMF)	16S rRNA	V4-V5
FMT.0077R	CCGTCAATTYHTTTRAGT	Illumina	https://www.nature.com/articles/s41597-021-00860-8	Molecular Microbiology Facility (MMF) at Memorial Sloan Kettering	Liao_et_al_Data	16S, V4-V5	Illumina MiSeq	Sequencing by synthesis	FWD:AYTGGGYDTAAAGNG, REV:CCGTCAATTYHTTTRAGT	FMT.0077R..pool658	Molecular Microbiology Facility (MMF)	16S rRNA	V4-V5
FMT.0077S	CCGTCAATTYHTTTRAGT	Illumina	https://www.nature.com/articles/s41597-021-00860-8	Molecular Microbiology Facility (MMF) at Memorial Sloan Kettering	Liao_et_al_Data	16S, V4-V5	Illumina MiSeq	Sequencing by synthesis	FWD:AYTGGGYDTAAAGNG, REV:CCGTCAATTYHTTTRAGT	FMT.0077S..pool658	Molecular Microbiology Facility (MMF)	16S rRNA	V4-V5
FMT.0077U	CCGTCAATTYHTTTRAGT	Illumina	https://www.nature.com/articles/s41597-021-00860-8	Molecular Microbiology Facility (MMF) at Memorial Sloan Kettering	Liao_et_al_Data	16S, V4-V5	Illumina MiSeq	Sequencing by synthesis	FWD:AYTGGGYDTAAAGNG, REV:CCGTCAATTYHTTTRAGT	FMT.0077U..pool658	Molecular Microbiology Facility (MMF)	16S rRNA	V4-V5
FMT.0081BB	CCGTCAATTYHTTTRAGT	Illumina	https://www.nature.com/articles/s41597-021-00860-8	Molecular Microbiology Facility (MMF) at Memorial Sloan Kettering	Liao_et_al_Data	16S, V4-V5	Illumina MiSeq	Sequencing by synthesis	FWD:AYTGGGYDTAAAGNG, REV:CCGTCAATTYHTTTRAGT	FMT.0081BB..pool779	Molecular Microbiology Facility (MMF)	16S rRNA	V4-V5
FMT.0097B	CCGTCAATTYHTTTRAGT	Illumina	https://www.nature.com/articles/s41597-021-00860-8	Molecular Microbiology Facility (MMF) at Memorial Sloan Kettering	Liao_et_al_Data	16S, V4-V5	Illumina MiSeq	Sequencing by synthesis	FWD:AYTGGGYDTAAAGNG, REV:CCGTCAATTYHTTTRAGT	FMT.0097B..pool658	Molecular Microbiology Facility (MMF)	16S rRNA	V4-V5
FMT.0108Y	CCGTCAATTYHTTTRAGT	Illumina	https://www.nature.com/articles/s41597-021-00860-8	Molecular Microbiology Facility (MMF) at Memorial Sloan Kettering	Liao_et_al_Data	16S, V4-V5	Illumina MiSeq	Sequencing by synthesis	FWD:AYTGGGYDTAAAGNG, REV:CCGTCAATTYHTTTRAGT	FMT.0108Y..pool779	Molecular Microbiology Facility (MMF)	16S rRNA	V4-V5
FMT.0109J	CCGTCAATTYHTTTRAGT	Illumina	https://www.nature.com/articles/s41597-021-00860-8	Molecular Microbiology Facility (MMF) at Memorial Sloan Kettering	Liao_et_al_Data	16S, V4-V5	Illumina MiSeq	Sequencing by synthesis	FWD:AYTGGGYDTAAAGNG, REV:CCGTCAATTYHTTTRAGT	FMT.0109J..pool652	Molecular Microbiology Facility (MMF)	16S rRNA	V4-V5
FMT.0110P	CCGTCAATTYHTTTRAGT	Illumina	https://www.nature.com/articles/s41597-021-00860-8	Molecular Microbiology Facility (MMF) at Memorial Sloan Kettering	Liao_et_al_Data	16S, V4-V5	Illumina MiSeq	Sequencing by synthesis	FWD:AYTGGGYDTAAAGNG, REV:CCGTCAATTYHTTTRAGT	FMT.0110P..pool779	Molecular Microbiology Facility (MMF)	16S rRNA	V4-V5
FMT.0112AA	CCGTCAATTYHTTTRAGT	Illumina	https://www.nature.com/articles/s41597-021-00860-8	Molecular Microbiology Facility (MMF) at Memorial Sloan Kettering	Liao_et_al_Data	16S, V4-V5	Illumina MiSeq	Sequencing by synthesis	FWD:AYTGGGYDTAAAGNG, REV:CCGTCAATTYHTTTRAGT	FMT.0112AA..pool781	Molecular Microbiology Facility (MMF)	16S rRNA	V4-V5
FMT.0112BB	CCGTCAATTYHTTTRAGT	Illumina	https://www.nature.com/articles/s41597-021-00860-8	Molecular Microbiology Facility (MMF) at Memorial Sloan Kettering	Liao_et_al_Data	16S, V4-V5	Illumina MiSeq	Sequencing by synthesis	FWD:AYTGGGYDTAAAGNG, REV:CCGTCAATTYHTTTRAGT	FMT.0112BB..pool781	Molecular Microbiology Facility (MMF)	16S rRNA	V4-V5
FMT.0126A	CCGTCAATTYHTTTRAGT	Illumina	https://www.nature.com/articles/s41597-021-00860-8	Molecular Microbiology Facility (MMF) at Memorial Sloan Kettering	Liao_et_al_Data	16S, V4-V5	Illumina MiSeq	Sequencing by synthesis	FWD:AYTGGGYDTAAAGNG, REV:CCGTCAATTYHTTTRAGT	FMT.0126A..pool652	Molecular Microbiology Facility (MMF)	16S rRNA	V4-V5
FMT.0126KK	CCGTCAATTYHTTTRAGT	Illumina	https://www.nature.com/articles/s41597-021-00860-8	Molecular Microbiology Facility (MMF) at Memorial Sloan Kettering	Liao_et_al_Data	16S, V4-V5	Illumina MiSeq	Sequencing by synthesis	FWD:AYTGGGYDTAAAGNG, REV:CCGTCAATTYHTTTRAGT	FMT.0126KK..pool779	Molecular Microbiology Facility (MMF)	16S rRNA	V4-V5
FMT.0126LL	CCGTCAATTYHTTTRAGT	Illumina	https://www.nature.com/articles/s41597-021-00860-8	Molecular Microbiology Facility (MMF) at Memorial Sloan Kettering	Liao_et_al_Data	16S, V4-V5	Illumina MiSeq	Sequencing by synthesis	FWD:AYTGGGYDTAAAGNG, REV:CCGTCAATTYHTTTRAGT	FMT.0126LL..pool779	Molecular Microbiology Facility (MMF)	16S rRNA	V4-V5
FMT.0126O	CCGTCAATTYHTTTRAGT	Illumina	https://www.nature.com/articles/s41597-021-00860-8	Molecular Microbiology Facility (MMF) at Memorial Sloan Kettering	Liao_et_al_Data	16S, V4-V5	Illumina MiSeq	Sequencing by synthesis	FWD:AYTGGGYDTAAAGNG, REV:CCGTCAATTYHTTTRAGT	FMT.0126O..pool660	Molecular Microbiology Facility (MMF)	16S rRNA	V4-V5
FMT.0127G	CCGTCAATTYHTTTRAGT	Illumina	https://www.nature.com/articles/s41597-021-00860-8	Molecular Microbiology Facility (MMF) at Memorial Sloan Kettering	Liao_et_al_Data	16S, V4-V5	Illumina MiSeq	Sequencing by synthesis	FWD:AYTGGGYDTAAAGNG, REV:CCGTCAATTYHTTTRAGT	FMT.0127G..pool734	Molecular Microbiology Facility (MMF)	16S rRNA	V4-V5
FMT.0127H	CCGTCAATTYHTTTRAGT	Illumina	https://www.nature.com/articles/s41597-021-00860-8	Molecular Microbiology Facility (MMF) at Memorial Sloan Kettering	Liao_et_al_Data	16S, V4-V5	Illumina MiSeq	Sequencing by synthesis	FWD:AYTGGGYDTAAAGNG, REV:CCGTCAATTYHTTTRAGT	FMT.0127H..pool734	Molecular Microbiology Facility (MMF)	16S rRNA	V4-V5
FMT.0127I	CCGTCAATTYHTTTRAGT	Illumina	https://www.nature.com/articles/s41597-021-00860-8	Molecular Microbiology Facility (MMF) at Memorial Sloan Kettering	Liao_et_al_Data	16S, V4-V5	Illumina MiSeq	Sequencing by synthesis	FWD:AYTGGGYDTAAAGNG, REV:CCGTCAATTYHTTTRAGT	FMT.0127I..pool660	Molecular Microbiology Facility (MMF)	16S rRNA	V4-V5
FMT.0127J	CCGTCAATTYHTTTRAGT	Illumina	https://www.nature.com/articles/s41597-021-00860-8	Molecular Microbiology Facility (MMF) at Memorial Sloan Kettering	Liao_et_al_Data	16S, V4-V5	Illumina MiSeq	Sequencing by synthesis	FWD:AYTGGGYDTAAAGNG, REV:CCGTCAATTYHTTTRAGT	FMT.0127J..pool734	Molecular Microbiology Facility (MMF)	16S rRNA	V4-V5
FMT.0128A	CCGTCAATTYHTTTRAGT	Illumina	https://www.nature.com/articles/s41597-021-00860-8	Molecular Microbiology Facility (MMF) at Memorial Sloan Kettering	Liao_et_al_Data	16S, V4-V5	Illumina MiSeq	Sequencing by synthesis	FWD:AYTGGGYDTAAAGNG, REV:CCGTCAATTYHTTTRAGT	FMT.0128A..pool652	Molecular Microbiology Facility (MMF)	16S rRNA	V4-V5
FMT.0128B	CCGTCAATTYHTTTRAGT	Illumina	https://www.nature.com/articles/s41597-021-00860-8	Molecular Microbiology Facility (MMF) at Memorial Sloan Kettering	Liao_et_al_Data	16S, V4-V5	Illumina MiSeq	Sequencing by synthesis	FWD:AYTGGGYDTAAAGNG, REV:CCGTCAATTYHTTTRAGT	FMT.0128B..pool734	Molecular Microbiology Facility (MMF)	16S rRNA	V4-V5
FMT.0128C	CCGTCAATTYHTTTRAGT	Illumina	https://www.nature.com/articles/s41597-021-00860-8	Molecular Microbiology Facility (MMF) at Memorial Sloan Kettering	Liao_et_al_Data	16S, V4-V5	Illumina MiSeq	Sequencing by synthesis	FWD:AYTGGGYDTAAAGNG, REV:CCGTCAATTYHTTTRAGT	FMT.0128C..pool734	Molecular Microbiology Facility (MMF)	16S rRNA	V4-V5
FMT.0128D	CCGTCAATTYHTTTRAGT	Illumina	https://www.nature.com/articles/s41597-021-00860-8	Molecular Microbiology Facility (MMF) at Memorial Sloan Kettering	Liao_et_al_Data	16S, V4-V5	Illumina MiSeq	Sequencing by synthesis	FWD:AYTGGGYDTAAAGNG, REV:CCGTCAATTYHTTTRAGT	FMT.0128D..pool734	Molecular Microbiology Facility (MMF)	16S rRNA	V4-V5
FMT.0128E	CCGTCAATTYHTTTRAGT	Illumina	https://www.nature.com/articles/s41597-021-00860-8	Molecular Microbiology Facility (MMF) at Memorial Sloan Kettering	Liao_et_al_Data	16S, V4-V5	Illumina MiSeq	Sequencing by synthesis	FWD:AYTGGGYDTAAAGNG, REV:CCGTCAATTYHTTTRAGT	FMT.0128E..pool734	Molecular Microbiology Facility (MMF)	16S rRNA	V4-V5
FMT.0128F	CCGTCAATTYHTTTRAGT	Illumina	https://www.nature.com/articles/s41597-021-00860-8	Molecular Microbiology Facility (MMF) at Memorial Sloan Kettering	Liao_et_al_Data	16S, V4-V5	Illumina MiSeq	Sequencing by synthesis	FWD:AYTGGGYDTAAAGNG, REV:CCGTCAATTYHTTTRAGT	FMT.0128F..pool734	Molecular Microbiology Facility (MMF)	16S rRNA	V4-V5
FMT.0128G	CCGTCAATTYHTTTRAGT	Illumina	https://www.nature.com/articles/s41597-021-00860-8	Molecular Microbiology Facility (MMF) at Memorial Sloan Kettering	Liao_et_al_Data	16S, V4-V5	Illumina MiSeq	Sequencing by synthesis	FWD:AYTGGGYDTAAAGNG, REV:CCGTCAATTYHTTTRAGT	FMT.0128G..pool734	Molecular Microbiology Facility (MMF)	16S rRNA	V4-V5
FMT.0128H	CCGTCAATTYHTTTRAGT	Illumina	https://www.nature.com/articles/s41597-021-00860-8	Molecular Microbiology Facility (MMF) at Memorial Sloan Kettering	Liao_et_al_Data	16S, V4-V5	Illumina MiSeq	Sequencing by synthesis	FWD:AYTGGGYDTAAAGNG, REV:CCGTCAATTYHTTTRAGT	FMT.0128H..pool734	Molecular Microbiology Facility (MMF)	16S rRNA	V4-V5
FMT.0128I	CCGTCAATTYHTTTRAGT	Illumina	https://www.nature.com/articles/s41597-021-00860-8	Molecular Microbiology Facility (MMF) at Memorial Sloan Kettering	Liao_et_al_Data	16S, V4-V5	Illumina MiSeq	Sequencing by synthesis	FWD:AYTGGGYDTAAAGNG, REV:CCGTCAATTYHTTTRAGT	FMT.0128I..pool734	Molecular Microbiology Facility (MMF)	16S rRNA	V4-V5
FMT.0128J	CCGTCAATTYHTTTRAGT	Illumina	https://www.nature.com/articles/s41597-021-00860-8	Molecular Microbiology Facility (MMF) at Memorial Sloan Kettering	Liao_et_al_Data	16S, V4-V5	Illumina MiSeq	Sequencing by synthesis	FWD:AYTGGGYDTAAAGNG, REV:CCGTCAATTYHTTTRAGT	FMT.0128J..pool734	Molecular Microbiology Facility (MMF)	16S rRNA	V4-V5
FMT.0128K	CCGTCAATTYHTTTRAGT	Illumina	https://www.nature.com/articles/s41597-021-00860-8	Molecular Microbiology Facility (MMF) at Memorial Sloan Kettering	Liao_et_al_Data	16S, V4-V5	Illumina MiSeq	Sequencing by synthesis	FWD:AYTGGGYDTAAAGNG, REV:CCGTCAATTYHTTTRAGT	FMT.0128K..pool734	Molecular Microbiology Facility (MMF)	16S rRNA	V4-V5
FMT.0128N	CCGTCAATTYHTTTRAGT	Illumina	https://www.nature.com/articles/s41597-021-00860-8	Molecular Microbiology Facility (MMF) at Memorial Sloan Kettering	Liao_et_al_Data	16S, V4-V5	Illumina MiSeq	Sequencing by synthesis	FWD:AYTGGGYDTAAAGNG, REV:CCGTCAATTYHTTTRAGT	FMT.0128N..pool734	Molecular Microbiology Facility (MMF)	16S rRNA	V4-V5
FMT.0128O	CCGTCAATTYHTTTRAGT	Illumina	https://www.nature.com/articles/s41597-021-00860-8	Molecular Microbiology Facility (MMF) at Memorial Sloan Kettering	Liao_et_al_Data	16S, V4-V5	Illumina MiSeq	Sequencing by synthesis	FWD:AYTGGGYDTAAAGNG, REV:CCGTCAATTYHTTTRAGT	FMT.0128O..pool734	Molecular Microbiology Facility (MMF)	16S rRNA	V4-V5
FMT.0128P	CCGTCAATTYHTTTRAGT	Illumina	https://www.nature.com/articles/s41597-021-00860-8	Molecular Microbiology Facility (MMF) at Memorial Sloan Kettering	Liao_et_al_Data	16S, V4-V5	Illumina MiSeq	Sequencing by synthesis	FWD:AYTGGGYDTAAAGNG, REV:CCGTCAATTYHTTTRAGT	FMT.0128P..pool734	Molecular Microbiology Facility (MMF)	16S rRNA	V4-V5
FMT.0128Q	CCGTCAATTYHTTTRAGT	Illumina	https://www.nature.com/articles/s41597-021-00860-8	Molecular Microbiology Facility (MMF) at Memorial Sloan Kettering	Liao_et_al_Data	16S, V4-V5	Illumina MiSeq	Sequencing by synthesis	FWD:AYTGGGYDTAAAGNG, REV:CCGTCAATTYHTTTRAGT	FMT.0128Q..pool734	Molecular Microbiology Facility (MMF)	16S rRNA	V4-V5
FMT.0128R	CCGTCAATTYHTTTRAGT	Illumina	https://www.nature.com/articles/s41597-021-00860-8	Molecular Microbiology Facility (MMF) at Memorial Sloan Kettering	Liao_et_al_Data	16S, V4-V5	Illumina MiSeq	Sequencing by synthesis	FWD:AYTGGGYDTAAAGNG, REV:CCGTCAATTYHTTTRAGT	FMT.0128R..pool734	Molecular Microbiology Facility (MMF)	16S rRNA	V4-V5
FMT.0128S	CCGTCAATTYHTTTRAGT	Illumina	https://www.nature.com/articles/s41597-021-00860-8	Molecular Microbiology Facility (MMF) at Memorial Sloan Kettering	Liao_et_al_Data	16S, V4-V5	Illumina MiSeq	Sequencing by synthesis	FWD:AYTGGGYDTAAAGNG, REV:CCGTCAATTYHTTTRAGT	FMT.0128S..pool734	Molecular Microbiology Facility (MMF)	16S rRNA	V4-V5
FMT.0128T	CCGTCAATTYHTTTRAGT	Illumina	https://www.nature.com/articles/s41597-021-00860-8	Molecular Microbiology Facility (MMF) at Memorial Sloan Kettering	Liao_et_al_Data	16S, V4-V5	Illumina MiSeq	Sequencing by synthesis	FWD:AYTGGGYDTAAAGNG, REV:CCGTCAATTYHTTTRAGT	FMT.0128T..pool734	Molecular Microbiology Facility (MMF)	16S rRNA	V4-V5
FMT.0128U	CCGTCAATTYHTTTRAGT	Illumina	https://www.nature.com/articles/s41597-021-00860-8	Molecular Microbiology Facility (MMF) at Memorial Sloan Kettering	Liao_et_al_Data	16S, V4-V5	Illumina MiSeq	Sequencing by synthesis	FWD:AYTGGGYDTAAAGNG, REV:CCGTCAATTYHTTTRAGT	FMT.0128U..pool734	Molecular Microbiology Facility (MMF)	16S rRNA	V4-V5
FMT.0128V	CCGTCAATTYHTTTRAGT	Illumina	https://www.nature.com/articles/s41597-021-00860-8	Molecular Microbiology Facility (MMF) at Memorial Sloan Kettering	Liao_et_al_Data	16S, V4-V5	Illumina MiSeq	Sequencing by synthesis	FWD:AYTGGGYDTAAAGNG, REV:CCGTCAATTYHTTTRAGT	FMT.0128V..pool734	Molecular Microbiology Facility (MMF)	16S rRNA	V4-V5
FMT.0128W	CCGTCAATTYHTTTRAGT	Illumina	https://www.nature.com/articles/s41597-021-00860-8	Molecular Microbiology Facility (MMF) at Memorial Sloan Kettering	Liao_et_al_Data	16S, V4-V5	Illumina MiSeq	Sequencing by synthesis	FWD:AYTGGGYDTAAAGNG, REV:CCGTCAATTYHTTTRAGT	FMT.0128W..pool734	Molecular Microbiology Facility (MMF)	16S rRNA	V4-V5
FMT.0130A	CCGTCAATTYHTTTRAGT	Illumina	https://www.nature.com/articles/s41597-021-00860-8	Molecular Microbiology Facility (MMF) at Memorial Sloan Kettering	Liao_et_al_Data	16S, V4-V5	Illumina MiSeq	Sequencing by synthesis	FWD:AYTGGGYDTAAAGNG, REV:CCGTCAATTYHTTTRAGT	FMT.0130A..pool652	Molecular Microbiology Facility (MMF)	16S rRNA	V4-V5
FMT.0130B	CCGTCAATTYHTTTRAGT	Illumina	https://www.nature.com/articles/s41597-021-00860-8	Molecular Microbiology Facility (MMF) at Memorial Sloan Kettering	Liao_et_al_Data	16S, V4-V5	Illumina MiSeq	Sequencing by synthesis	FWD:AYTGGGYDTAAAGNG, REV:CCGTCAATTYHTTTRAGT	FMT.0130B..pool734	Molecular Microbiology Facility (MMF)	16S rRNA	V4-V5
FMT.0130C	CCGTCAATTYHTTTRAGT	Illumina	https://www.nature.com/articles/s41597-021-00860-8	Molecular Microbiology Facility (MMF) at Memorial Sloan Kettering	Liao_et_al_Data	16S, V4-V5	Illumina MiSeq	Sequencing by synthesis	FWD:AYTGGGYDTAAAGNG, REV:CCGTCAATTYHTTTRAGT	FMT.0130C..pool734	Molecular Microbiology Facility (MMF)	16S rRNA	V4-V5
FMT.0130D	CCGTCAATTYHTTTRAGT	Illumina	https://www.nature.com/articles/s41597-021-00860-8	Molecular Microbiology Facility (MMF) at Memorial Sloan Kettering	Liao_et_al_Data	16S, V4-V5	Illumina MiSeq	Sequencing by synthesis	FWD:AYTGGGYDTAAAGNG, REV:CCGTCAATTYHTTTRAGT	FMT.0130D..pool734	Molecular Microbiology Facility (MMF)	16S rRNA	V4-V5
FMT.0130E	CCGTCAATTYHTTTRAGT	Illumina	https://www.nature.com/articles/s41597-021-00860-8	Molecular Microbiology Facility (MMF) at Memorial Sloan Kettering	Liao_et_al_Data	16S, V4-V5	Illumina MiSeq	Sequencing by synthesis	FWD:AYTGGGYDTAAAGNG, REV:CCGTCAATTYHTTTRAGT	FMT.0130E..pool734	Molecular Microbiology Facility (MMF)	16S rRNA	V4-V5
FMT.0130F	CCGTCAATTYHTTTRAGT	Illumina	https://www.nature.com/articles/s41597-021-00860-8	Molecular Microbiology Facility (MMF) at Memorial Sloan Kettering	Liao_et_al_Data	16S, V4-V5	Illumina MiSeq	Sequencing by synthesis	FWD:AYTGGGYDTAAAGNG, REV:CCGTCAATTYHTTTRAGT	FMT.0130F..pool734	Molecular Microbiology Facility (MMF)	16S rRNA	V4-V5
FMT.0130H	CCGTCAATTYHTTTRAGT	Illumina	https://www.nature.com/articles/s41597-021-00860-8	Molecular Microbiology Facility (MMF) at Memorial Sloan Kettering	Liao_et_al_Data	16S, V4-V5	Illumina MiSeq	Sequencing by synthesis	FWD:AYTGGGYDTAAAGNG, REV:CCGTCAATTYHTTTRAGT	FMT.0130H..pool734	Molecular Microbiology Facility (MMF)	16S rRNA	V4-V5
FMT.0131A	CCGTCAATTYHTTTRAGT	Illumina	https://www.nature.com/articles/s41597-021-00860-8	Molecular Microbiology Facility (MMF) at Memorial Sloan Kettering	Liao_et_al_Data	16S, V4-V5	Illumina MiSeq	Sequencing by synthesis	FWD:AYTGGGYDTAAAGNG, REV:CCGTCAATTYHTTTRAGT	FMT.0131A..pool652	Molecular Microbiology Facility (MMF)	16S rRNA	V4-V5
FMT.0131B	CCGTCAATTYHTTTRAGT	Illumina	https://www.nature.com/articles/s41597-021-00860-8	Molecular Microbiology Facility (MMF) at Memorial Sloan Kettering	Liao_et_al_Data	16S, V4-V5	Illumina MiSeq	Sequencing by synthesis	FWD:AYTGGGYDTAAAGNG, REV:CCGTCAATTYHTTTRAGT	FMT.0131B..pool734	Molecular Microbiology Facility (MMF)	16S rRNA	V4-V5
FMT.0131C	CCGTCAATTYHTTTRAGT	Illumina	https://www.nature.com/articles/s41597-021-00860-8	Molecular Microbiology Facility (MMF) at Memorial Sloan Kettering	Liao_et_al_Data	16S, V4-V5	Illumina MiSeq	Sequencing by synthesis	FWD:AYTGGGYDTAAAGNG, REV:CCGTCAATTYHTTTRAGT	FMT.0131C..pool734	Molecular Microbiology Facility (MMF)	16S rRNA	V4-V5
FMT.0131D	CCGTCAATTYHTTTRAGT	Illumina	https://www.nature.com/articles/s41597-021-00860-8	Molecular Microbiology Facility (MMF) at Memorial Sloan Kettering	Liao_et_al_Data	16S, V4-V5	Illumina MiSeq	Sequencing by synthesis	FWD:AYTGGGYDTAAAGNG, REV:CCGTCAATTYHTTTRAGT	FMT.0131D..pool734	Molecular Microbiology Facility (MMF)	16S rRNA	V4-V5
FMT.0131E	CCGTCAATTYHTTTRAGT	Illumina	https://www.nature.com/articles/s41597-021-00860-8	Molecular Microbiology Facility (MMF) at Memorial Sloan Kettering	Liao_et_al_Data	16S, V4-V5	Illumina MiSeq	Sequencing by synthesis	FWD:AYTGGGYDTAAAGNG, REV:CCGTCAATTYHTTTRAGT	FMT.0131E..pool734	Molecular Microbiology Facility (MMF)	16S rRNA	V4-V5
FMT.0131F	CCGTCAATTYHTTTRAGT	Illumina	https://www.nature.com/articles/s41597-021-00860-8	Molecular Microbiology Facility (MMF) at Memorial Sloan Kettering	Liao_et_al_Data	16S, V4-V5	Illumina MiSeq	Sequencing by synthesis	FWD:AYTGGGYDTAAAGNG, REV:CCGTCAATTYHTTTRAGT	FMT.0131F..pool734	Molecular Microbiology Facility (MMF)	16S rRNA	V4-V5
FMT.0131G	CCGTCAATTYHTTTRAGT	Illumina	https://www.nature.com/articles/s41597-021-00860-8	Molecular Microbiology Facility (MMF) at Memorial Sloan Kettering	Liao_et_al_Data	16S, V4-V5	Illumina MiSeq	Sequencing by synthesis	FWD:AYTGGGYDTAAAGNG, REV:CCGTCAATTYHTTTRAGT	FMT.0131G..pool734	Molecular Microbiology Facility (MMF)	16S rRNA	V4-V5
FMT.0131H	CCGTCAATTYHTTTRAGT	Illumina	https://www.nature.com/articles/s41597-021-00860-8	Molecular Microbiology Facility (MMF) at Memorial Sloan Kettering	Liao_et_al_Data	16S, V4-V5	Illumina MiSeq	Sequencing by synthesis	FWD:AYTGGGYDTAAAGNG, REV:CCGTCAATTYHTTTRAGT	FMT.0131H..pool734	Molecular Microbiology Facility (MMF)	16S rRNA	V4-V5
FMT.0131I	CCGTCAATTYHTTTRAGT	Illumina	https://www.nature.com/articles/s41597-021-00860-8	Molecular Microbiology Facility (MMF) at Memorial Sloan Kettering	Liao_et_al_Data	16S, V4-V5	Illumina MiSeq	Sequencing by synthesis	FWD:AYTGGGYDTAAAGNG, REV:CCGTCAATTYHTTTRAGT	FMT.0131I..pool734	Molecular Microbiology Facility (MMF)	16S rRNA	V4-V5
FMT.0131J	CCGTCAATTYHTTTRAGT	Illumina	https://www.nature.com/articles/s41597-021-00860-8	Molecular Microbiology Facility (MMF) at Memorial Sloan Kettering	Liao_et_al_Data	16S, V4-V5	Illumina MiSeq	Sequencing by synthesis	FWD:AYTGGGYDTAAAGNG, REV:CCGTCAATTYHTTTRAGT	FMT.0131J..pool734	Molecular Microbiology Facility (MMF)	16S rRNA	V4-V5
FMT.0131K	CCGTCAATTYHTTTRAGT	Illumina	https://www.nature.com/articles/s41597-021-00860-8	Molecular Microbiology Facility (MMF) at Memorial Sloan Kettering	Liao_et_al_Data	16S, V4-V5	Illumina MiSeq	Sequencing by synthesis	FWD:AYTGGGYDTAAAGNG, REV:CCGTCAATTYHTTTRAGT	FMT.0131K..pool734	Molecular Microbiology Facility (MMF)	16S rRNA	V4-V5
FMT.0131L	CCGTCAATTYHTTTRAGT	Illumina	https://www.nature.com/articles/s41597-021-00860-8	Molecular Microbiology Facility (MMF) at Memorial Sloan Kettering	Liao_et_al_Data	16S, V4-V5	Illumina MiSeq	Sequencing by synthesis	FWD:AYTGGGYDTAAAGNG, REV:CCGTCAATTYHTTTRAGT	FMT.0131L..pool698	Molecular Microbiology Facility (MMF)	16S rRNA	V4-V5
FMT.0131M	CCGTCAATTYHTTTRAGT	Illumina	https://www.nature.com/articles/s41597-021-00860-8	Molecular Microbiology Facility (MMF) at Memorial Sloan Kettering	Liao_et_al_Data	16S, V4-V5	Illumina MiSeq	Sequencing by synthesis	FWD:AYTGGGYDTAAAGNG, REV:CCGTCAATTYHTTTRAGT	FMT.0131M..pool698	Molecular Microbiology Facility (MMF)	16S rRNA	V4-V5
FMT.0131N	CCGTCAATTYHTTTRAGT	Illumina	https://www.nature.com/articles/s41597-021-00860-8	Molecular Microbiology Facility (MMF) at Memorial Sloan Kettering	Liao_et_al_Data	16S, V4-V5	Illumina MiSeq	Sequencing by synthesis	FWD:AYTGGGYDTAAAGNG, REV:CCGTCAATTYHTTTRAGT	FMT.0131N..pool698	Molecular Microbiology Facility (MMF)	16S rRNA	V4-V5
FMT.0131O	CCGTCAATTYHTTTRAGT	Illumina	https://www.nature.com/articles/s41597-021-00860-8	Molecular Microbiology Facility (MMF) at Memorial Sloan Kettering	Liao_et_al_Data	16S, V4-V5	Illumina MiSeq	Sequencing by synthesis	FWD:AYTGGGYDTAAAGNG, REV:CCGTCAATTYHTTTRAGT	FMT.0131O..pool698	Molecular Microbiology Facility (MMF)	16S rRNA	V4-V5
FMT.0131P	CCGTCAATTYHTTTRAGT	Illumina	https://www.nature.com/articles/s41597-021-00860-8	Molecular Microbiology Facility (MMF) at Memorial Sloan Kettering	Liao_et_al_Data	16S, V4-V5	Illumina MiSeq	Sequencing by synthesis	FWD:AYTGGGYDTAAAGNG, REV:CCGTCAATTYHTTTRAGT	FMT.0131P..pool698	Molecular Microbiology Facility (MMF)	16S rRNA	V4-V5
FMT.0131Q	CCGTCAATTYHTTTRAGT	Illumina	https://www.nature.com/articles/s41597-021-00860-8	Molecular Microbiology Facility (MMF) at Memorial Sloan Kettering	Liao_et_al_Data	16S, V4-V5	Illumina MiSeq	Sequencing by synthesis	FWD:AYTGGGYDTAAAGNG, REV:CCGTCAATTYHTTTRAGT	FMT.0131Q..pool734	Molecular Microbiology Facility (MMF)	16S rRNA	V4-V5
FMT.0132B	CCGTCAATTYHTTTRAGT	Illumina	https://www.nature.com/articles/s41597-021-00860-8	Molecular Microbiology Facility (MMF) at Memorial Sloan Kettering	Liao_et_al_Data	16S, V4-V5	Illumina MiSeq	Sequencing by synthesis	FWD:AYTGGGYDTAAAGNG, REV:CCGTCAATTYHTTTRAGT	FMT.0132B..pool734	Molecular Microbiology Facility (MMF)	16S rRNA	V4-V5
FMT.0132D	CCGTCAATTYHTTTRAGT	Illumina	https://www.nature.com/articles/s41597-021-00860-8	Molecular Microbiology Facility (MMF) at Memorial Sloan Kettering	Liao_et_al_Data	16S, V4-V5	Illumina MiSeq	Sequencing by synthesis	FWD:AYTGGGYDTAAAGNG, REV:CCGTCAATTYHTTTRAGT	FMT.0132D..pool734	Molecular Microbiology Facility (MMF)	16S rRNA	V4-V5
FMT.0133B	CCGTCAATTYHTTTRAGT	Illumina	https://www.nature.com/articles/s41597-021-00860-8	Molecular Microbiology Facility (MMF) at Memorial Sloan Kettering	Liao_et_al_Data	16S, V4-V5	Illumina MiSeq	Sequencing by synthesis	FWD:AYTGGGYDTAAAGNG, REV:CCGTCAATTYHTTTRAGT	FMT.0133B..pool734	Molecular Microbiology Facility (MMF)	16S rRNA	V4-V5
FMT.0133C	CCGTCAATTYHTTTRAGT	Illumina	https://www.nature.com/articles/s41597-021-00860-8	Molecular Microbiology Facility (MMF) at Memorial Sloan Kettering	Liao_et_al_Data	16S, V4-V5	Illumina MiSeq	Sequencing by synthesis	FWD:AYTGGGYDTAAAGNG, REV:CCGTCAATTYHTTTRAGT	FMT.0133C..pool734	Molecular Microbiology Facility (MMF)	16S rRNA	V4-V5
FMT.0136A	CCGTCAATTYHTTTRAGT	Illumina	https://www.nature.com/articles/s41597-021-00860-8	Molecular Microbiology Facility (MMF) at Memorial Sloan Kettering	Liao_et_al_Data	16S, V4-V5	Illumina MiSeq	Sequencing by synthesis	FWD:AYTGGGYDTAAAGNG, REV:CCGTCAATTYHTTTRAGT	FMT.0136A..pool660	Molecular Microbiology Facility (MMF)	16S rRNA	V4-V5
FMT.0137A	CCGTCAATTYHTTTRAGT	Illumina	https://www.nature.com/articles/s41597-021-00860-8	Molecular Microbiology Facility (MMF) at Memorial Sloan Kettering	Liao_et_al_Data	16S, V4-V5	Illumina MiSeq	Sequencing by synthesis	FWD:AYTGGGYDTAAAGNG, REV:CCGTCAATTYHTTTRAGT	FMT.0137A..pool660	Molecular Microbiology Facility (MMF)	16S rRNA	V4-V5
FMT.0137C	CCGTCAATTYHTTTRAGT	Illumina	https://www.nature.com/articles/s41597-021-00860-8	Molecular Microbiology Facility (MMF) at Memorial Sloan Kettering	Liao_et_al_Data	16S, V4-V5	Illumina MiSeq	Sequencing by synthesis	FWD:AYTGGGYDTAAAGNG, REV:CCGTCAATTYHTTTRAGT	FMT.0137C..pool734	Molecular Microbiology Facility (MMF)	16S rRNA	V4-V5
FMT.0137D	CCGTCAATTYHTTTRAGT	Illumina	https://www.nature.com/articles/s41597-021-00860-8	Molecular Microbiology Facility (MMF) at Memorial Sloan Kettering	Liao_et_al_Data	16S, V4-V5	Illumina MiSeq	Sequencing by synthesis	FWD:AYTGGGYDTAAAGNG, REV:CCGTCAATTYHTTTRAGT	FMT.0137D..pool734	Molecular Microbiology Facility (MMF)	16S rRNA	V4-V5
FMT.0137E	CCGTCAATTYHTTTRAGT	Illumina	https://www.nature.com/articles/s41597-021-00860-8	Molecular Microbiology Facility (MMF) at Memorial Sloan Kettering	Liao_et_al_Data	16S, V4-V5	Illumina MiSeq	Sequencing by synthesis	FWD:AYTGGGYDTAAAGNG, REV:CCGTCAATTYHTTTRAGT	FMT.0137E..pool734	Molecular Microbiology Facility (MMF)	16S rRNA	V4-V5
FMT.0137F	CCGTCAATTYHTTTRAGT	Illumina	https://www.nature.com/articles/s41597-021-00860-8	Molecular Microbiology Facility (MMF) at Memorial Sloan Kettering	Liao_et_al_Data	16S, V4-V5	Illumina MiSeq	Sequencing by synthesis	FWD:AYTGGGYDTAAAGNG, REV:CCGTCAATTYHTTTRAGT	FMT.0137F..pool734	Molecular Microbiology Facility (MMF)	16S rRNA	V4-V5
FMT.0137G	CCGTCAATTYHTTTRAGT	Illumina	https://www.nature.com/articles/s41597-021-00860-8	Molecular Microbiology Facility (MMF) at Memorial Sloan Kettering	Liao_et_al_Data	16S, V4-V5	Illumina MiSeq	Sequencing by synthesis	FWD:AYTGGGYDTAAAGNG, REV:CCGTCAATTYHTTTRAGT	FMT.0137G..pool734	Molecular Microbiology Facility (MMF)	16S rRNA	V4-V5
FMT.0137H	CCGTCAATTYHTTTRAGT	Illumina	https://www.nature.com/articles/s41597-021-00860-8	Molecular Microbiology Facility (MMF) at Memorial Sloan Kettering	Liao_et_al_Data	16S, V4-V5	Illumina MiSeq	Sequencing by synthesis	FWD:AYTGGGYDTAAAGNG, REV:CCGTCAATTYHTTTRAGT	FMT.0137H..pool734	Molecular Microbiology Facility (MMF)	16S rRNA	V4-V5
FMT.0137I	CCGTCAATTYHTTTRAGT	Illumina	https://www.nature.com/articles/s41597-021-00860-8	Molecular Microbiology Facility (MMF) at Memorial Sloan Kettering	Liao_et_al_Data	16S, V4-V5	Illumina MiSeq	Sequencing by synthesis	FWD:AYTGGGYDTAAAGNG, REV:CCGTCAATTYHTTTRAGT	FMT.0137I..pool734	Molecular Microbiology Facility (MMF)	16S rRNA	V4-V5
FMT.0137J	CCGTCAATTYHTTTRAGT	Illumina	https://www.nature.com/articles/s41597-021-00860-8	Molecular Microbiology Facility (MMF) at Memorial Sloan Kettering	Liao_et_al_Data	16S, V4-V5	Illumina MiSeq	Sequencing by synthesis	FWD:AYTGGGYDTAAAGNG, REV:CCGTCAATTYHTTTRAGT	FMT.0137J..pool734	Molecular Microbiology Facility (MMF)	16S rRNA	V4-V5
FMT.0137K	CCGTCAATTYHTTTRAGT	Illumina	https://www.nature.com/articles/s41597-021-00860-8	Molecular Microbiology Facility (MMF) at Memorial Sloan Kettering	Liao_et_al_Data	16S, V4-V5	Illumina MiSeq	Sequencing by synthesis	FWD:AYTGGGYDTAAAGNG, REV:CCGTCAATTYHTTTRAGT	FMT.0137K..pool719	Molecular Microbiology Facility (MMF)	16S rRNA	V4-V5
FMT.0137L	CCGTCAATTYHTTTRAGT	Illumina	https://www.nature.com/articles/s41597-021-00860-8	Molecular Microbiology Facility (MMF) at Memorial Sloan Kettering	Liao_et_al_Data	16S, V4-V5	Illumina MiSeq	Sequencing by synthesis	FWD:AYTGGGYDTAAAGNG, REV:CCGTCAATTYHTTTRAGT	FMT.0137L..pool734	Molecular Microbiology Facility (MMF)	16S rRNA	V4-V5
FMT.0137M	CCGTCAATTYHTTTRAGT	Illumina	https://www.nature.com/articles/s41597-021-00860-8	Molecular Microbiology Facility (MMF) at Memorial Sloan Kettering	Liao_et_al_Data	16S, V4-V5	Illumina MiSeq	Sequencing by synthesis	FWD:AYTGGGYDTAAAGNG, REV:CCGTCAATTYHTTTRAGT	FMT.0137M..pool734	Molecular Microbiology Facility (MMF)	16S rRNA	V4-V5
FMT.0139A	CCGTCAATTYHTTTRAGT	Illumina	https://www.nature.com/articles/s41597-021-00860-8	Molecular Microbiology Facility (MMF) at Memorial Sloan Kettering	Liao_et_al_Data	16S, V4-V5	Illumina MiSeq	Sequencing by synthesis	FWD:AYTGGGYDTAAAGNG, REV:CCGTCAATTYHTTTRAGT	FMT.0139A..pool734	Molecular Microbiology Facility (MMF)	16S rRNA	V4-V5
FMT.0140C	CCGTCAATTYHTTTRAGT	Illumina	https://www.nature.com/articles/s41597-021-00860-8	Molecular Microbiology Facility (MMF) at Memorial Sloan Kettering	Liao_et_al_Data	16S, V4-V5	Illumina MiSeq	Sequencing by synthesis	FWD:AYTGGGYDTAAAGNG, REV:CCGTCAATTYHTTTRAGT	FMT.0140C..pool781	Molecular Microbiology Facility (MMF)	16S rRNA	V4-V5
FMT.0142A	CCGTCAATTYHTTTRAGT	Illumina	https://www.nature.com/articles/s41597-021-00860-8	Molecular Microbiology Facility (MMF) at Memorial Sloan Kettering	Liao_et_al_Data	16S, V4-V5	Illumina MiSeq	Sequencing by synthesis	FWD:AYTGGGYDTAAAGNG, REV:CCGTCAATTYHTTTRAGT	FMT.0142A..pool660	Molecular Microbiology Facility (MMF)	16S rRNA	V4-V5
FMT.0146G	CCGTCAATTYHTTTRAGT	Illumina	https://www.nature.com/articles/s41597-021-00860-8	Molecular Microbiology Facility (MMF) at Memorial Sloan Kettering	Liao_et_al_Data	16S, V4-V5	Illumina MiSeq	Sequencing by synthesis	FWD:AYTGGGYDTAAAGNG, REV:CCGTCAATTYHTTTRAGT	FMT.0146G..pool779	Molecular Microbiology Facility (MMF)	16S rRNA	V4-V5
FMT.0147P	CCGTCAATTYHTTTRAGT	Illumina	https://www.nature.com/articles/s41597-021-00860-8	Molecular Microbiology Facility (MMF) at Memorial Sloan Kettering	Liao_et_al_Data	16S, V4-V5	Illumina MiSeq	Sequencing by synthesis	FWD:AYTGGGYDTAAAGNG, REV:CCGTCAATTYHTTTRAGT	FMT.0147P..pool737	Molecular Microbiology Facility (MMF)	16S rRNA	V4-V5
FMT.0147Q	CCGTCAATTYHTTTRAGT	Illumina	https://www.nature.com/articles/s41597-021-00860-8	Molecular Microbiology Facility (MMF) at Memorial Sloan Kettering	Liao_et_al_Data	16S, V4-V5	Illumina MiSeq	Sequencing by synthesis	FWD:AYTGGGYDTAAAGNG, REV:CCGTCAATTYHTTTRAGT	FMT.0147Q..pool737	Molecular Microbiology Facility (MMF)	16S rRNA	V4-V5
FMT.0147R	CCGTCAATTYHTTTRAGT	Illumina	https://www.nature.com/articles/s41597-021-00860-8	Molecular Microbiology Facility (MMF) at Memorial Sloan Kettering	Liao_et_al_Data	16S, V4-V5	Illumina MiSeq	Sequencing by synthesis	FWD:AYTGGGYDTAAAGNG, REV:CCGTCAATTYHTTTRAGT	FMT.0147R..pool737	Molecular Microbiology Facility (MMF)	16S rRNA	V4-V5
FMT.0147S	CCGTCAATTYHTTTRAGT	Illumina	https://www.nature.com/articles/s41597-021-00860-8	Molecular Microbiology Facility (MMF) at Memorial Sloan Kettering	Liao_et_al_Data	16S, V4-V5	Illumina MiSeq	Sequencing by synthesis	FWD:AYTGGGYDTAAAGNG, REV:CCGTCAATTYHTTTRAGT	FMT.0147S..pool737	Molecular Microbiology Facility (MMF)	16S rRNA	V4-V5
FMT.0147T	CCGTCAATTYHTTTRAGT	Illumina	https://www.nature.com/articles/s41597-021-00860-8	Molecular Microbiology Facility (MMF) at Memorial Sloan Kettering	Liao_et_al_Data	16S, V4-V5	Illumina MiSeq	Sequencing by synthesis	FWD:AYTGGGYDTAAAGNG, REV:CCGTCAATTYHTTTRAGT	FMT.0147T..pool737	Molecular Microbiology Facility (MMF)	16S rRNA	V4-V5
FMT.0147U	CCGTCAATTYHTTTRAGT	Illumina	https://www.nature.com/articles/s41597-021-00860-8	Molecular Microbiology Facility (MMF) at Memorial Sloan Kettering	Liao_et_al_Data	16S, V4-V5	Illumina MiSeq	Sequencing by synthesis	FWD:AYTGGGYDTAAAGNG, REV:CCGTCAATTYHTTTRAGT	FMT.0147U..pool737	Molecular Microbiology Facility (MMF)	16S rRNA	V4-V5
FMT.0147V	CCGTCAATTYHTTTRAGT	Illumina	https://www.nature.com/articles/s41597-021-00860-8	Molecular Microbiology Facility (MMF) at Memorial Sloan Kettering	Liao_et_al_Data	16S, V4-V5	Illumina MiSeq	Sequencing by synthesis	FWD:AYTGGGYDTAAAGNG, REV:CCGTCAATTYHTTTRAGT	FMT.0147V..pool737	Molecular Microbiology Facility (MMF)	16S rRNA	V4-V5
FMT.0147W	CCGTCAATTYHTTTRAGT	Illumina	https://www.nature.com/articles/s41597-021-00860-8	Molecular Microbiology Facility (MMF) at Memorial Sloan Kettering	Liao_et_al_Data	16S, V4-V5	Illumina MiSeq	Sequencing by synthesis	FWD:AYTGGGYDTAAAGNG, REV:CCGTCAATTYHTTTRAGT	FMT.0147W..pool737	Molecular Microbiology Facility (MMF)	16S rRNA	V4-V5
FMT.0147Y	CCGTCAATTYHTTTRAGT	Illumina	https://www.nature.com/articles/s41597-021-00860-8	Molecular Microbiology Facility (MMF) at Memorial Sloan Kettering	Liao_et_al_Data	16S, V4-V5	Illumina MiSeq	Sequencing by synthesis	FWD:AYTGGGYDTAAAGNG, REV:CCGTCAATTYHTTTRAGT	FMT.0147Y..pool737	Molecular Microbiology Facility (MMF)	16S rRNA	V4-V5
FMT.0147Z	CCGTCAATTYHTTTRAGT	Illumina	https://www.nature.com/articles/s41597-021-00860-8	Molecular Microbiology Facility (MMF) at Memorial Sloan Kettering	Liao_et_al_Data	16S, V4-V5	Illumina MiSeq	Sequencing by synthesis	FWD:AYTGGGYDTAAAGNG, REV:CCGTCAATTYHTTTRAGT	FMT.0147Z..pool737	Molecular Microbiology Facility (MMF)	16S rRNA	V4-V5
FMT.0153P	CCGTCAATTYHTTTRAGT	Illumina	https://www.nature.com/articles/s41597-021-00860-8	Molecular Microbiology Facility (MMF) at Memorial Sloan Kettering	Liao_et_al_Data	16S, V4-V5	Illumina MiSeq	Sequencing by synthesis	FWD:AYTGGGYDTAAAGNG, REV:CCGTCAATTYHTTTRAGT	FMT.0153P..pool737	Molecular Microbiology Facility (MMF)	16S rRNA	V4-V5
FMT.0153Q	CCGTCAATTYHTTTRAGT	Illumina	https://www.nature.com/articles/s41597-021-00860-8	Molecular Microbiology Facility (MMF) at Memorial Sloan Kettering	Liao_et_al_Data	16S, V4-V5	Illumina MiSeq	Sequencing by synthesis	FWD:AYTGGGYDTAAAGNG, REV:CCGTCAATTYHTTTRAGT	FMT.0153Q..pool737	Molecular Microbiology Facility (MMF)	16S rRNA	V4-V5
FMT.0153R	CCGTCAATTYHTTTRAGT	Illumina	https://www.nature.com/articles/s41597-021-00860-8	Molecular Microbiology Facility (MMF) at Memorial Sloan Kettering	Liao_et_al_Data	16S, V4-V5	Illumina MiSeq	Sequencing by synthesis	FWD:AYTGGGYDTAAAGNG, REV:CCGTCAATTYHTTTRAGT	FMT.0153R..pool737	Molecular Microbiology Facility (MMF)	16S rRNA	V4-V5
FMT.0154R	CCGTCAATTYHTTTRAGT	Illumina	https://www.nature.com/articles/s41597-021-00860-8	Molecular Microbiology Facility (MMF) at Memorial Sloan Kettering	Liao_et_al_Data	16S, V4-V5	Illumina MiSeq	Sequencing by synthesis	FWD:AYTGGGYDTAAAGNG, REV:CCGTCAATTYHTTTRAGT	FMT.0154R..pool737	Molecular Microbiology Facility (MMF)	16S rRNA	V4-V5
FMT.0154S	CCGTCAATTYHTTTRAGT	Illumina	https://www.nature.com/articles/s41597-021-00860-8	Molecular Microbiology Facility (MMF) at Memorial Sloan Kettering	Liao_et_al_Data	16S, V4-V5	Illumina MiSeq	Sequencing by synthesis	FWD:AYTGGGYDTAAAGNG, REV:CCGTCAATTYHTTTRAGT	FMT.0154S..pool737	Molecular Microbiology Facility (MMF)	16S rRNA	V4-V5
FMT.0154U	CCGTCAATTYHTTTRAGT	Illumina	https://www.nature.com/articles/s41597-021-00860-8	Molecular Microbiology Facility (MMF) at Memorial Sloan Kettering	Liao_et_al_Data	16S, V4-V5	Illumina MiSeq	Sequencing by synthesis	FWD:AYTGGGYDTAAAGNG, REV:CCGTCAATTYHTTTRAGT	FMT.0154U..pool779	Molecular Microbiology Facility (MMF)	16S rRNA	V4-V5
FMT.0154V	CCGTCAATTYHTTTRAGT	Illumina	https://www.nature.com/articles/s41597-021-00860-8	Molecular Microbiology Facility (MMF) at Memorial Sloan Kettering	Liao_et_al_Data	16S, V4-V5	Illumina MiSeq	Sequencing by synthesis	FWD:AYTGGGYDTAAAGNG, REV:CCGTCAATTYHTTTRAGT	FMT.0154V..pool779	Molecular Microbiology Facility (MMF)	16S rRNA	V4-V5
FMT.0154W	CCGTCAATTYHTTTRAGT	Illumina	https://www.nature.com/articles/s41597-021-00860-8	Molecular Microbiology Facility (MMF) at Memorial Sloan Kettering	Liao_et_al_Data	16S, V4-V5	Illumina MiSeq	Sequencing by synthesis	FWD:AYTGGGYDTAAAGNG, REV:CCGTCAATTYHTTTRAGT	FMT.0154W..pool779	Molecular Microbiology Facility (MMF)	16S rRNA	V4-V5
FMT.0155B	CCGTCAATTYHTTTRAGT	Illumina	https://www.nature.com/articles/s41597-021-00860-8	Molecular Microbiology Facility (MMF) at Memorial Sloan Kettering	Liao_et_al_Data	16S, V4-V5	Illumina MiSeq	Sequencing by synthesis	FWD:AYTGGGYDTAAAGNG, REV:CCGTCAATTYHTTTRAGT	FMT.0155B..pool737	Molecular Microbiology Facility (MMF)	16S rRNA	V4-V5
FMT.0155C	CCGTCAATTYHTTTRAGT	Illumina	https://www.nature.com/articles/s41597-021-00860-8	Molecular Microbiology Facility (MMF) at Memorial Sloan Kettering	Liao_et_al_Data	16S, V4-V5	Illumina MiSeq	Sequencing by synthesis	FWD:AYTGGGYDTAAAGNG, REV:CCGTCAATTYHTTTRAGT	FMT.0155C..pool737	Molecular Microbiology Facility (MMF)	16S rRNA	V4-V5
FMT.0155D	CCGTCAATTYHTTTRAGT	Illumina	https://www.nature.com/articles/s41597-021-00860-8	Molecular Microbiology Facility (MMF) at Memorial Sloan Kettering	Liao_et_al_Data	16S, V4-V5	Illumina MiSeq	Sequencing by synthesis	FWD:AYTGGGYDTAAAGNG, REV:CCGTCAATTYHTTTRAGT	FMT.0155D..pool737	Molecular Microbiology Facility (MMF)	16S rRNA	V4-V5
FMT.0155E	CCGTCAATTYHTTTRAGT	Illumina	https://www.nature.com/articles/s41597-021-00860-8	Molecular Microbiology Facility (MMF) at Memorial Sloan Kettering	Liao_et_al_Data	16S, V4-V5	Illumina MiSeq	Sequencing by synthesis	FWD:AYTGGGYDTAAAGNG, REV:CCGTCAATTYHTTTRAGT	FMT.0155E..pool737	Molecular Microbiology Facility (MMF)	16S rRNA	V4-V5
FMT.0155F	CCGTCAATTYHTTTRAGT	Illumina	https://www.nature.com/articles/s41597-021-00860-8	Molecular Microbiology Facility (MMF) at Memorial Sloan Kettering	Liao_et_al_Data	16S, V4-V5	Illumina MiSeq	Sequencing by synthesis	FWD:AYTGGGYDTAAAGNG, REV:CCGTCAATTYHTTTRAGT	FMT.0155F..pool737	Molecular Microbiology Facility (MMF)	16S rRNA	V4-V5
FMT.0155G	CCGTCAATTYHTTTRAGT	Illumina	https://www.nature.com/articles/s41597-021-00860-8	Molecular Microbiology Facility (MMF) at Memorial Sloan Kettering	Liao_et_al_Data	16S, V4-V5	Illumina MiSeq	Sequencing by synthesis	FWD:AYTGGGYDTAAAGNG, REV:CCGTCAATTYHTTTRAGT	FMT.0155G..pool737	Molecular Microbiology Facility (MMF)	16S rRNA	V4-V5
FMT.0155H	CCGTCAATTYHTTTRAGT	Illumina	https://www.nature.com/articles/s41597-021-00860-8	Molecular Microbiology Facility (MMF) at Memorial Sloan Kettering	Liao_et_al_Data	16S, V4-V5	Illumina MiSeq	Sequencing by synthesis	FWD:AYTGGGYDTAAAGNG, REV:CCGTCAATTYHTTTRAGT	FMT.0155H..pool737	Molecular Microbiology Facility (MMF)	16S rRNA	V4-V5
FMT.0155I	CCGTCAATTYHTTTRAGT	Illumina	https://www.nature.com/articles/s41597-021-00860-8	Molecular Microbiology Facility (MMF) at Memorial Sloan Kettering	Liao_et_al_Data	16S, V4-V5	Illumina MiSeq	Sequencing by synthesis	FWD:AYTGGGYDTAAAGNG, REV:CCGTCAATTYHTTTRAGT	FMT.0155I..pool737	Molecular Microbiology Facility (MMF)	16S rRNA	V4-V5
FMT.0155J	CCGTCAATTYHTTTRAGT	Illumina	https://www.nature.com/articles/s41597-021-00860-8	Molecular Microbiology Facility (MMF) at Memorial Sloan Kettering	Liao_et_al_Data	16S, V4-V5	Illumina MiSeq	Sequencing by synthesis	FWD:AYTGGGYDTAAAGNG, REV:CCGTCAATTYHTTTRAGT	FMT.0155J..pool737	Molecular Microbiology Facility (MMF)	16S rRNA	V4-V5
FMT.0155K	CCGTCAATTYHTTTRAGT	Illumina	https://www.nature.com/articles/s41597-021-00860-8	Molecular Microbiology Facility (MMF) at Memorial Sloan Kettering	Liao_et_al_Data	16S, V4-V5	Illumina MiSeq	Sequencing by synthesis	FWD:AYTGGGYDTAAAGNG, REV:CCGTCAATTYHTTTRAGT	FMT.0155K..pool737	Molecular Microbiology Facility (MMF)	16S rRNA	V4-V5
FMT.0155L	CCGTCAATTYHTTTRAGT	Illumina	https://www.nature.com/articles/s41597-021-00860-8	Molecular Microbiology Facility (MMF) at Memorial Sloan Kettering	Liao_et_al_Data	16S, V4-V5	Illumina MiSeq	Sequencing by synthesis	FWD:AYTGGGYDTAAAGNG, REV:CCGTCAATTYHTTTRAGT	FMT.0155L..pool737	Molecular Microbiology Facility (MMF)	16S rRNA	V4-V5
FMT.0155M	CCGTCAATTYHTTTRAGT	Illumina	https://www.nature.com/articles/s41597-021-00860-8	Molecular Microbiology Facility (MMF) at Memorial Sloan Kettering	Liao_et_al_Data	16S, V4-V5	Illumina MiSeq	Sequencing by synthesis	FWD:AYTGGGYDTAAAGNG, REV:CCGTCAATTYHTTTRAGT	FMT.0155M..pool737	Molecular Microbiology Facility (MMF)	16S rRNA	V4-V5
FMT.0155N	CCGTCAATTYHTTTRAGT	Illumina	https://www.nature.com/articles/s41597-021-00860-8	Molecular Microbiology Facility (MMF) at Memorial Sloan Kettering	Liao_et_al_Data	16S, V4-V5	Illumina MiSeq	Sequencing by synthesis	FWD:AYTGGGYDTAAAGNG, REV:CCGTCAATTYHTTTRAGT	FMT.0155N..pool737	Molecular Microbiology Facility (MMF)	16S rRNA	V4-V5
FMT.0155O	CCGTCAATTYHTTTRAGT	Illumina	https://www.nature.com/articles/s41597-021-00860-8	Molecular Microbiology Facility (MMF) at Memorial Sloan Kettering	Liao_et_al_Data	16S, V4-V5	Illumina MiSeq	Sequencing by synthesis	FWD:AYTGGGYDTAAAGNG, REV:CCGTCAATTYHTTTRAGT	FMT.0155O..pool737	Molecular Microbiology Facility (MMF)	16S rRNA	V4-V5
FMT.0157L	CCGTCAATTYHTTTRAGT	Illumina	https://www.nature.com/articles/s41597-021-00860-8	Molecular Microbiology Facility (MMF) at Memorial Sloan Kettering	Liao_et_al_Data	16S, V4-V5	Illumina MiSeq	Sequencing by synthesis	FWD:AYTGGGYDTAAAGNG, REV:CCGTCAATTYHTTTRAGT	FMT.0157L..pool698	Molecular Microbiology Facility (MMF)	16S rRNA	V4-V5
FMT.0157P	CCGTCAATTYHTTTRAGT	Illumina	https://www.nature.com/articles/s41597-021-00860-8	Molecular Microbiology Facility (MMF) at Memorial Sloan Kettering	Liao_et_al_Data	16S, V4-V5	Illumina MiSeq	Sequencing by synthesis	FWD:AYTGGGYDTAAAGNG, REV:CCGTCAATTYHTTTRAGT	FMT.0157P..pool737	Molecular Microbiology Facility (MMF)	16S rRNA	V4-V5
FMT.0157Q	CCGTCAATTYHTTTRAGT	Illumina	https://www.nature.com/articles/s41597-021-00860-8	Molecular Microbiology Facility (MMF) at Memorial Sloan Kettering	Liao_et_al_Data	16S, V4-V5	Illumina MiSeq	Sequencing by synthesis	FWD:AYTGGGYDTAAAGNG, REV:CCGTCAATTYHTTTRAGT	FMT.0157Q..pool737	Molecular Microbiology Facility (MMF)	16S rRNA	V4-V5
FMT.0157R	CCGTCAATTYHTTTRAGT	Illumina	https://www.nature.com/articles/s41597-021-00860-8	Molecular Microbiology Facility (MMF) at Memorial Sloan Kettering	Liao_et_al_Data	16S, V4-V5	Illumina MiSeq	Sequencing by synthesis	FWD:AYTGGGYDTAAAGNG, REV:CCGTCAATTYHTTTRAGT	FMT.0157R..pool788	Molecular Microbiology Facility (MMF)	16S rRNA	V4-V5
FMT.0158R	CCGTCAATTYHTTTRAGT	Illumina	https://www.nature.com/articles/s41597-021-00860-8	Molecular Microbiology Facility (MMF) at Memorial Sloan Kettering	Liao_et_al_Data	16S, V4-V5	Illumina MiSeq	Sequencing by synthesis	FWD:AYTGGGYDTAAAGNG, REV:CCGTCAATTYHTTTRAGT	FMT.0158R..pool737	Molecular Microbiology Facility (MMF)	16S rRNA	V4-V5
FMT.0158S	CCGTCAATTYHTTTRAGT	Illumina	https://www.nature.com/articles/s41597-021-00860-8	Molecular Microbiology Facility (MMF) at Memorial Sloan Kettering	Liao_et_al_Data	16S, V4-V5	Illumina MiSeq	Sequencing by synthesis	FWD:AYTGGGYDTAAAGNG, REV:CCGTCAATTYHTTTRAGT	FMT.0158S..pool737	Molecular Microbiology Facility (MMF)	16S rRNA	V4-V5
FMT.0160R	CCGTCAATTYHTTTRAGT	Illumina	https://www.nature.com/articles/s41597-021-00860-8	Molecular Microbiology Facility (MMF) at Memorial Sloan Kettering	Liao_et_al_Data	16S, V4-V5	Illumina MiSeq	Sequencing by synthesis	FWD:AYTGGGYDTAAAGNG, REV:CCGTCAATTYHTTTRAGT	FMT.0160R..pool737	Molecular Microbiology Facility (MMF)	16S rRNA	V4-V5
FMT.0160S	CCGTCAATTYHTTTRAGT	Illumina	https://www.nature.com/articles/s41597-021-00860-8	Molecular Microbiology Facility (MMF) at Memorial Sloan Kettering	Liao_et_al_Data	16S, V4-V5	Illumina MiSeq	Sequencing by synthesis	FWD:AYTGGGYDTAAAGNG, REV:CCGTCAATTYHTTTRAGT	FMT.0160S..pool737	Molecular Microbiology Facility (MMF)	16S rRNA	V4-V5
FMT.0160T	CCGTCAATTYHTTTRAGT	Illumina	https://www.nature.com/articles/s41597-021-00860-8	Molecular Microbiology Facility (MMF) at Memorial Sloan Kettering	Liao_et_al_Data	16S, V4-V5	Illumina MiSeq	Sequencing by synthesis	FWD:AYTGGGYDTAAAGNG, REV:CCGTCAATTYHTTTRAGT	FMT.0160T..pool737	Molecular Microbiology Facility (MMF)	16S rRNA	V4-V5
FMT.0160W	CCGTCAATTYHTTTRAGT	Illumina	https://www.nature.com/articles/s41597-021-00860-8	Molecular Microbiology Facility (MMF) at Memorial Sloan Kettering	Liao_et_al_Data	16S, V4-V5	Illumina MiSeq	Sequencing by synthesis	FWD:AYTGGGYDTAAAGNG, REV:CCGTCAATTYHTTTRAGT	FMT.0160W..pool788	Molecular Microbiology Facility (MMF)	16S rRNA	V4-V5
FMT.0161B	CCGTCAATTYHTTTRAGT	Illumina	https://www.nature.com/articles/s41597-021-00860-8	Molecular Microbiology Facility (MMF) at Memorial Sloan Kettering	Liao_et_al_Data	16S, V4-V5	Illumina MiSeq	Sequencing by synthesis	FWD:AYTGGGYDTAAAGNG, REV:CCGTCAATTYHTTTRAGT	FMT.0161B..pool737	Molecular Microbiology Facility (MMF)	16S rRNA	V4-V5
FMT.0161C	CCGTCAATTYHTTTRAGT	Illumina	https://www.nature.com/articles/s41597-021-00860-8	Molecular Microbiology Facility (MMF) at Memorial Sloan Kettering	Liao_et_al_Data	16S, V4-V5	Illumina MiSeq	Sequencing by synthesis	FWD:AYTGGGYDTAAAGNG, REV:CCGTCAATTYHTTTRAGT	FMT.0161C..pool737	Molecular Microbiology Facility (MMF)	16S rRNA	V4-V5
FMT.0161D	CCGTCAATTYHTTTRAGT	Illumina	https://www.nature.com/articles/s41597-021-00860-8	Molecular Microbiology Facility (MMF) at Memorial Sloan Kettering	Liao_et_al_Data	16S, V4-V5	Illumina MiSeq	Sequencing by synthesis	FWD:AYTGGGYDTAAAGNG, REV:CCGTCAATTYHTTTRAGT	FMT.0161D..pool737	Molecular Microbiology Facility (MMF)	16S rRNA	V4-V5
FMT.0161E	CCGTCAATTYHTTTRAGT	Illumina	https://www.nature.com/articles/s41597-021-00860-8	Molecular Microbiology Facility (MMF) at Memorial Sloan Kettering	Liao_et_al_Data	16S, V4-V5	Illumina MiSeq	Sequencing by synthesis	FWD:AYTGGGYDTAAAGNG, REV:CCGTCAATTYHTTTRAGT	FMT.0161E..pool737	Molecular Microbiology Facility (MMF)	16S rRNA	V4-V5
FMT.0161F	CCGTCAATTYHTTTRAGT	Illumina	https://www.nature.com/articles/s41597-021-00860-8	Molecular Microbiology Facility (MMF) at Memorial Sloan Kettering	Liao_et_al_Data	16S, V4-V5	Illumina MiSeq	Sequencing by synthesis	FWD:AYTGGGYDTAAAGNG, REV:CCGTCAATTYHTTTRAGT	FMT.0161F..pool737	Molecular Microbiology Facility (MMF)	16S rRNA	V4-V5
FMT.0161H	CCGTCAATTYHTTTRAGT	Illumina	https://www.nature.com/articles/s41597-021-00860-8	Molecular Microbiology Facility (MMF) at Memorial Sloan Kettering	Liao_et_al_Data	16S, V4-V5	Illumina MiSeq	Sequencing by synthesis	FWD:AYTGGGYDTAAAGNG, REV:CCGTCAATTYHTTTRAGT	FMT.0161H..pool737	Molecular Microbiology Facility (MMF)	16S rRNA	V4-V5
FMT.0161I	CCGTCAATTYHTTTRAGT	Illumina	https://www.nature.com/articles/s41597-021-00860-8	Molecular Microbiology Facility (MMF) at Memorial Sloan Kettering	Liao_et_al_Data	16S, V4-V5	Illumina MiSeq	Sequencing by synthesis	FWD:AYTGGGYDTAAAGNG, REV:CCGTCAATTYHTTTRAGT	FMT.0161I..pool737	Molecular Microbiology Facility (MMF)	16S rRNA	V4-V5
FMT.0161K	CCGTCAATTYHTTTRAGT	Illumina	https://www.nature.com/articles/s41597-021-00860-8	Molecular Microbiology Facility (MMF) at Memorial Sloan Kettering	Liao_et_al_Data	16S, V4-V5	Illumina MiSeq	Sequencing by synthesis	FWD:AYTGGGYDTAAAGNG, REV:CCGTCAATTYHTTTRAGT	FMT.0161K..pool737	Molecular Microbiology Facility (MMF)	16S rRNA	V4-V5
FMT.0161L	CCGTCAATTYHTTTRAGT	Illumina	https://www.nature.com/articles/s41597-021-00860-8	Molecular Microbiology Facility (MMF) at Memorial Sloan Kettering	Liao_et_al_Data	16S, V4-V5	Illumina MiSeq	Sequencing by synthesis	FWD:AYTGGGYDTAAAGNG, REV:CCGTCAATTYHTTTRAGT	FMT.0161L..pool737	Molecular Microbiology Facility (MMF)	16S rRNA	V4-V5
FMT.0161M	CCGTCAATTYHTTTRAGT	Illumina	https://www.nature.com/articles/s41597-021-00860-8	Molecular Microbiology Facility (MMF) at Memorial Sloan Kettering	Liao_et_al_Data	16S, V4-V5	Illumina MiSeq	Sequencing by synthesis	FWD:AYTGGGYDTAAAGNG, REV:CCGTCAATTYHTTTRAGT	FMT.0161M..pool737	Molecular Microbiology Facility (MMF)	16S rRNA	V4-V5
FMT.0161O	CCGTCAATTYHTTTRAGT	Illumina	https://www.nature.com/articles/s41597-021-00860-8	Molecular Microbiology Facility (MMF) at Memorial Sloan Kettering	Liao_et_al_Data	16S, V4-V5	Illumina MiSeq	Sequencing by synthesis	FWD:AYTGGGYDTAAAGNG, REV:CCGTCAATTYHTTTRAGT	FMT.0161O..pool737	Molecular Microbiology Facility (MMF)	16S rRNA	V4-V5
FMT.0161P	CCGTCAATTYHTTTRAGT	Illumina	https://www.nature.com/articles/s41597-021-00860-8	Molecular Microbiology Facility (MMF) at Memorial Sloan Kettering	Liao_et_al_Data	16S, V4-V5	Illumina MiSeq	Sequencing by synthesis	FWD:AYTGGGYDTAAAGNG, REV:CCGTCAATTYHTTTRAGT	FMT.0161P..pool737	Molecular Microbiology Facility (MMF)	16S rRNA	V4-V5
FMT.0161Q	CCGTCAATTYHTTTRAGT	Illumina	https://www.nature.com/articles/s41597-021-00860-8	Molecular Microbiology Facility (MMF) at Memorial Sloan Kettering	Liao_et_al_Data	16S, V4-V5	Illumina MiSeq	Sequencing by synthesis	FWD:AYTGGGYDTAAAGNG, REV:CCGTCAATTYHTTTRAGT	FMT.0161Q..pool737	Molecular Microbiology Facility (MMF)	16S rRNA	V4-V5
FMT.0161R	CCGTCAATTYHTTTRAGT	Illumina	https://www.nature.com/articles/s41597-021-00860-8	Molecular Microbiology Facility (MMF) at Memorial Sloan Kettering	Liao_et_al_Data	16S, V4-V5	Illumina MiSeq	Sequencing by synthesis	FWD:AYTGGGYDTAAAGNG, REV:CCGTCAATTYHTTTRAGT	FMT.0161R..pool737	Molecular Microbiology Facility (MMF)	16S rRNA	V4-V5
FMT.0161S	CCGTCAATTYHTTTRAGT	Illumina	https://www.nature.com/articles/s41597-021-00860-8	Molecular Microbiology Facility (MMF) at Memorial Sloan Kettering	Liao_et_al_Data	16S, V4-V5	Illumina MiSeq	Sequencing by synthesis	FWD:AYTGGGYDTAAAGNG, REV:CCGTCAATTYHTTTRAGT	FMT.0161S..pool737	Molecular Microbiology Facility (MMF)	16S rRNA	V4-V5
FMT.0161T	CCGTCAATTYHTTTRAGT	Illumina	https://www.nature.com/articles/s41597-021-00860-8	Molecular Microbiology Facility (MMF) at Memorial Sloan Kettering	Liao_et_al_Data	16S, V4-V5	Illumina MiSeq	Sequencing by synthesis	FWD:AYTGGGYDTAAAGNG, REV:CCGTCAATTYHTTTRAGT	FMT.0161T..pool737	Molecular Microbiology Facility (MMF)	16S rRNA	V4-V5
FMT.0162A	CCGTCAATTYHTTTRAGT	Illumina	https://www.nature.com/articles/s41597-021-00860-8	Molecular Microbiology Facility (MMF) at Memorial Sloan Kettering	Liao_et_al_Data	16S, V4-V5	Illumina MiSeq	Sequencing by synthesis	FWD:AYTGGGYDTAAAGNG, REV:CCGTCAATTYHTTTRAGT	FMT.0162A..pool698	Molecular Microbiology Facility (MMF)	16S rRNA	V4-V5
FMT.0162J	CCGTCAATTYHTTTRAGT	Illumina	https://www.nature.com/articles/s41597-021-00860-8	Molecular Microbiology Facility (MMF) at Memorial Sloan Kettering	Liao_et_al_Data	16S, V4-V5	Illumina MiSeq	Sequencing by synthesis	FWD:AYTGGGYDTAAAGNG, REV:CCGTCAATTYHTTTRAGT	FMT.0162J..pool737	Molecular Microbiology Facility (MMF)	16S rRNA	V4-V5
FMT.0162K	CCGTCAATTYHTTTRAGT	Illumina	https://www.nature.com/articles/s41597-021-00860-8	Molecular Microbiology Facility (MMF) at Memorial Sloan Kettering	Liao_et_al_Data	16S, V4-V5	Illumina MiSeq	Sequencing by synthesis	FWD:AYTGGGYDTAAAGNG, REV:CCGTCAATTYHTTTRAGT	FMT.0162K..pool737	Molecular Microbiology Facility (MMF)	16S rRNA	V4-V5
FMT.0162L	CCGTCAATTYHTTTRAGT	Illumina	https://www.nature.com/articles/s41597-021-00860-8	Molecular Microbiology Facility (MMF) at Memorial Sloan Kettering	Liao_et_al_Data	16S, V4-V5	Illumina MiSeq	Sequencing by synthesis	FWD:AYTGGGYDTAAAGNG, REV:CCGTCAATTYHTTTRAGT	FMT.0162L..pool737	Molecular Microbiology Facility (MMF)	16S rRNA	V4-V5
FMT.0162M	CCGTCAATTYHTTTRAGT	Illumina	https://www.nature.com/articles/s41597-021-00860-8	Molecular Microbiology Facility (MMF) at Memorial Sloan Kettering	Liao_et_al_Data	16S, V4-V5	Illumina MiSeq	Sequencing by synthesis	FWD:AYTGGGYDTAAAGNG, REV:CCGTCAATTYHTTTRAGT	FMT.0162M..pool737	Molecular Microbiology Facility (MMF)	16S rRNA	V4-V5
FMT.0162N	CCGTCAATTYHTTTRAGT	Illumina	https://www.nature.com/articles/s41597-021-00860-8	Molecular Microbiology Facility (MMF) at Memorial Sloan Kettering	Liao_et_al_Data	16S, V4-V5	Illumina MiSeq	Sequencing by synthesis	FWD:AYTGGGYDTAAAGNG, REV:CCGTCAATTYHTTTRAGT	FMT.0162N..pool737	Molecular Microbiology Facility (MMF)	16S rRNA	V4-V5
FMT.0163A	CCGTCAATTYHTTTRAGT	Illumina	https://www.nature.com/articles/s41597-021-00860-8	Molecular Microbiology Facility (MMF) at Memorial Sloan Kettering	Liao_et_al_Data	16S, V4-V5	Illumina MiSeq	Sequencing by synthesis	FWD:AYTGGGYDTAAAGNG, REV:CCGTCAATTYHTTTRAGT	FMT.0163A..pool698	Molecular Microbiology Facility (MMF)	16S rRNA	V4-V5
FMT.0165A	CCGTCAATTYHTTTRAGT	Illumina	https://www.nature.com/articles/s41597-021-00860-8	Molecular Microbiology Facility (MMF) at Memorial Sloan Kettering	Liao_et_al_Data	16S, V4-V5	Illumina MiSeq	Sequencing by synthesis	FWD:AYTGGGYDTAAAGNG, REV:CCGTCAATTYHTTTRAGT	FMT.0165A..pool698	Molecular Microbiology Facility (MMF)	16S rRNA	V4-V5
FMT.0168A	CCGTCAATTYHTTTRAGT	Illumina	https://www.nature.com/articles/s41597-021-00860-8	Molecular Microbiology Facility (MMF) at Memorial Sloan Kettering	Liao_et_al_Data	16S, V4-V5	Illumina MiSeq	Sequencing by synthesis	FWD:AYTGGGYDTAAAGNG, REV:CCGTCAATTYHTTTRAGT	FMT.0168A..pool698	Molecular Microbiology Facility (MMF)	16S rRNA	V4-V5
FMT.0178R	CCGTCAATTYHTTTRAGT	Illumina	https://www.nature.com/articles/s41597-021-00860-8	Molecular Microbiology Facility (MMF) at Memorial Sloan Kettering	Liao_et_al_Data	16S, V4-V5	Illumina MiSeq	Sequencing by synthesis	FWD:AYTGGGYDTAAAGNG, REV:CCGTCAATTYHTTTRAGT	FMT.0178R..pool768	Molecular Microbiology Facility (MMF)	16S rRNA	V4-V5
FMT.0180N	CCGTCAATTYHTTTRAGT	Illumina	https://www.nature.com/articles/s41597-021-00860-8	Molecular Microbiology Facility (MMF) at Memorial Sloan Kettering	Liao_et_al_Data	16S, V4-V5	Illumina MiSeq	Sequencing by synthesis	FWD:AYTGGGYDTAAAGNG, REV:CCGTCAATTYHTTTRAGT	FMT.0180N..pool779	Molecular Microbiology Facility (MMF)	16S rRNA	V4-V5
FMT.0181L	CCGTCAATTYHTTTRAGT	Illumina	https://www.nature.com/articles/s41597-021-00860-8	Molecular Microbiology Facility (MMF) at Memorial Sloan Kettering	Liao_et_al_Data	16S, V4-V5	Illumina MiSeq	Sequencing by synthesis	FWD:AYTGGGYDTAAAGNG, REV:CCGTCAATTYHTTTRAGT	FMT.0181L..pool754	Molecular Microbiology Facility (MMF)	16S rRNA	V4-V5
FMT.0185V	CCGTCAATTYHTTTRAGT	Illumina	https://www.nature.com/articles/s41597-021-00860-8	Molecular Microbiology Facility (MMF) at Memorial Sloan Kettering	Liao_et_al_Data	16S, V4-V5	Illumina MiSeq	Sequencing by synthesis	FWD:AYTGGGYDTAAAGNG, REV:CCGTCAATTYHTTTRAGT	FMT.0185V..pool768	Molecular Microbiology Facility (MMF)	16S rRNA	V4-V5
FMT.0185Y	CCGTCAATTYHTTTRAGT	Illumina	https://www.nature.com/articles/s41597-021-00860-8	Molecular Microbiology Facility (MMF) at Memorial Sloan Kettering	Liao_et_al_Data	16S, V4-V5	Illumina MiSeq	Sequencing by synthesis	FWD:AYTGGGYDTAAAGNG, REV:CCGTCAATTYHTTTRAGT	FMT.0185Y..pool788	Molecular Microbiology Facility (MMF)	16S rRNA	V4-V5
FMT.0186N	CCGTCAATTYHTTTRAGT	Illumina	https://www.nature.com/articles/s41597-021-00860-8	Molecular Microbiology Facility (MMF) at Memorial Sloan Kettering	Liao_et_al_Data	16S, V4-V5	Illumina MiSeq	Sequencing by synthesis	FWD:AYTGGGYDTAAAGNG, REV:CCGTCAATTYHTTTRAGT	FMT.0186N..pool754	Molecular Microbiology Facility (MMF)	16S rRNA	V4-V5
FMT.0187R	CCGTCAATTYHTTTRAGT	Illumina	https://www.nature.com/articles/s41597-021-00860-8	Molecular Microbiology Facility (MMF) at Memorial Sloan Kettering	Liao_et_al_Data	16S, V4-V5	Illumina MiSeq	Sequencing by synthesis	FWD:AYTGGGYDTAAAGNG, REV:CCGTCAATTYHTTTRAGT	FMT.0187R..pool779	Molecular Microbiology Facility (MMF)	16S rRNA	V4-V5
FMT.0194G	CCGTCAATTYHTTTRAGT	Illumina	https://www.nature.com/articles/s41597-021-00860-8	Molecular Microbiology Facility (MMF) at Memorial Sloan Kettering	Liao_et_al_Data	16S, V4-V5	Illumina MiSeq	Sequencing by synthesis	FWD:AYTGGGYDTAAAGNG, REV:CCGTCAATTYHTTTRAGT	FMT.0194G..pool779	Molecular Microbiology Facility (MMF)	16S rRNA	V4-V5
FMT.0194H	CCGTCAATTYHTTTRAGT	Illumina	https://www.nature.com/articles/s41597-021-00860-8	Molecular Microbiology Facility (MMF) at Memorial Sloan Kettering	Liao_et_al_Data	16S, V4-V5	Illumina MiSeq	Sequencing by synthesis	FWD:AYTGGGYDTAAAGNG, REV:CCGTCAATTYHTTTRAGT	FMT.0194H..pool779	Molecular Microbiology Facility (MMF)	16S rRNA	V4-V5
FMT.0194I	CCGTCAATTYHTTTRAGT	Illumina	https://www.nature.com/articles/s41597-021-00860-8	Molecular Microbiology Facility (MMF) at Memorial Sloan Kettering	Liao_et_al_Data	16S, V4-V5	Illumina MiSeq	Sequencing by synthesis	FWD:AYTGGGYDTAAAGNG, REV:CCGTCAATTYHTTTRAGT	FMT.0194I..pool779	Molecular Microbiology Facility (MMF)	16S rRNA	V4-V5
FMT.0194J	CCGTCAATTYHTTTRAGT	Illumina	https://www.nature.com/articles/s41597-021-00860-8	Molecular Microbiology Facility (MMF) at Memorial Sloan Kettering	Liao_et_al_Data	16S, V4-V5	Illumina MiSeq	Sequencing by synthesis	FWD:AYTGGGYDTAAAGNG, REV:CCGTCAATTYHTTTRAGT	FMT.0194J..pool779	Molecular Microbiology Facility (MMF)	16S rRNA	V4-V5
FMT.0194K	CCGTCAATTYHTTTRAGT	Illumina	https://www.nature.com/articles/s41597-021-00860-8	Molecular Microbiology Facility (MMF) at Memorial Sloan Kettering	Liao_et_al_Data	16S, V4-V5	Illumina MiSeq	Sequencing by synthesis	FWD:AYTGGGYDTAAAGNG, REV:CCGTCAATTYHTTTRAGT	FMT.0194K..pool779	Molecular Microbiology Facility (MMF)	16S rRNA	V4-V5
FMT.0194L	CCGTCAATTYHTTTRAGT	Illumina	https://www.nature.com/articles/s41597-021-00860-8	Molecular Microbiology Facility (MMF) at Memorial Sloan Kettering	Liao_et_al_Data	16S, V4-V5	Illumina MiSeq	Sequencing by synthesis	FWD:AYTGGGYDTAAAGNG, REV:CCGTCAATTYHTTTRAGT	FMT.0194L..pool779	Molecular Microbiology Facility (MMF)	16S rRNA	V4-V5
FMT.0194N	CCGTCAATTYHTTTRAGT	Illumina	https://www.nature.com/articles/s41597-021-00860-8	Molecular Microbiology Facility (MMF) at Memorial Sloan Kettering	Liao_et_al_Data	16S, V4-V5	Illumina MiSeq	Sequencing by synthesis	FWD:AYTGGGYDTAAAGNG, REV:CCGTCAATTYHTTTRAGT	FMT.0194N..pool779	Molecular Microbiology Facility (MMF)	16S rRNA	V4-V5
FMT.0194O	CCGTCAATTYHTTTRAGT	Illumina	https://www.nature.com/articles/s41597-021-00860-8	Molecular Microbiology Facility (MMF) at Memorial Sloan Kettering	Liao_et_al_Data	16S, V4-V5	Illumina MiSeq	Sequencing by synthesis	FWD:AYTGGGYDTAAAGNG, REV:CCGTCAATTYHTTTRAGT	FMT.0194O..pool779	Molecular Microbiology Facility (MMF)	16S rRNA	V4-V5
FMT.0194P	CCGTCAATTYHTTTRAGT	Illumina	https://www.nature.com/articles/s41597-021-00860-8	Molecular Microbiology Facility (MMF) at Memorial Sloan Kettering	Liao_et_al_Data	16S, V4-V5	Illumina MiSeq	Sequencing by synthesis	FWD:AYTGGGYDTAAAGNG, REV:CCGTCAATTYHTTTRAGT	FMT.0194P..pool779	Molecular Microbiology Facility (MMF)	16S rRNA	V4-V5
FMT.0194Q	CCGTCAATTYHTTTRAGT	Illumina	https://www.nature.com/articles/s41597-021-00860-8	Molecular Microbiology Facility (MMF) at Memorial Sloan Kettering	Liao_et_al_Data	16S, V4-V5	Illumina MiSeq	Sequencing by synthesis	FWD:AYTGGGYDTAAAGNG, REV:CCGTCAATTYHTTTRAGT	FMT.0194Q..pool779	Molecular Microbiology Facility (MMF)	16S rRNA	V4-V5
FMT.0194R	CCGTCAATTYHTTTRAGT	Illumina	https://www.nature.com/articles/s41597-021-00860-8	Molecular Microbiology Facility (MMF) at Memorial Sloan Kettering	Liao_et_al_Data	16S, V4-V5	Illumina MiSeq	Sequencing by synthesis	FWD:AYTGGGYDTAAAGNG, REV:CCGTCAATTYHTTTRAGT	FMT.0194R..pool779	Molecular Microbiology Facility (MMF)	16S rRNA	V4-V5
FMT.0197B	CCGTCAATTYHTTTRAGT	Illumina	https://www.nature.com/articles/s41597-021-00860-8	Molecular Microbiology Facility (MMF) at Memorial Sloan Kettering	Liao_et_al_Data	16S, V4-V5	Illumina MiSeq	Sequencing by synthesis	FWD:AYTGGGYDTAAAGNG, REV:CCGTCAATTYHTTTRAGT	FMT.0197B..pool788	Molecular Microbiology Facility (MMF)	16S rRNA	V4-V5
FMT.0197C	CCGTCAATTYHTTTRAGT	Illumina	https://www.nature.com/articles/s41597-021-00860-8	Molecular Microbiology Facility (MMF) at Memorial Sloan Kettering	Liao_et_al_Data	16S, V4-V5	Illumina MiSeq	Sequencing by synthesis	FWD:AYTGGGYDTAAAGNG, REV:CCGTCAATTYHTTTRAGT	FMT.0197C..pool788	Molecular Microbiology Facility (MMF)	16S rRNA	V4-V5
FMT.0197D	CCGTCAATTYHTTTRAGT	Illumina	https://www.nature.com/articles/s41597-021-00860-8	Molecular Microbiology Facility (MMF) at Memorial Sloan Kettering	Liao_et_al_Data	16S, V4-V5	Illumina MiSeq	Sequencing by synthesis	FWD:AYTGGGYDTAAAGNG, REV:CCGTCAATTYHTTTRAGT	FMT.0197D..pool788	Molecular Microbiology Facility (MMF)	16S rRNA	V4-V5
FMT.0197E	CCGTCAATTYHTTTRAGT	Illumina	https://www.nature.com/articles/s41597-021-00860-8	Molecular Microbiology Facility (MMF) at Memorial Sloan Kettering	Liao_et_al_Data	16S, V4-V5	Illumina MiSeq	Sequencing by synthesis	FWD:AYTGGGYDTAAAGNG, REV:CCGTCAATTYHTTTRAGT	FMT.0197E..pool788	Molecular Microbiology Facility (MMF)	16S rRNA	V4-V5
FMT.0197F	CCGTCAATTYHTTTRAGT	Illumina	https://www.nature.com/articles/s41597-021-00860-8	Molecular Microbiology Facility (MMF) at Memorial Sloan Kettering	Liao_et_al_Data	16S, V4-V5	Illumina MiSeq	Sequencing by synthesis	FWD:AYTGGGYDTAAAGNG, REV:CCGTCAATTYHTTTRAGT	FMT.0197F..pool788	Molecular Microbiology Facility (MMF)	16S rRNA	V4-V5
FMT.0197G	CCGTCAATTYHTTTRAGT	Illumina	https://www.nature.com/articles/s41597-021-00860-8	Molecular Microbiology Facility (MMF) at Memorial Sloan Kettering	Liao_et_al_Data	16S, V4-V5	Illumina MiSeq	Sequencing by synthesis	FWD:AYTGGGYDTAAAGNG, REV:CCGTCAATTYHTTTRAGT	FMT.0197G..pool788	Molecular Microbiology Facility (MMF)	16S rRNA	V4-V5
FMT.0197H	CCGTCAATTYHTTTRAGT	Illumina	https://www.nature.com/articles/s41597-021-00860-8	Molecular Microbiology Facility (MMF) at Memorial Sloan Kettering	Liao_et_al_Data	16S, V4-V5	Illumina MiSeq	Sequencing by synthesis	FWD:AYTGGGYDTAAAGNG, REV:CCGTCAATTYHTTTRAGT	FMT.0197H..pool788	Molecular Microbiology Facility (MMF)	16S rRNA	V4-V5
FMT.0197I	CCGTCAATTYHTTTRAGT	Illumina	https://www.nature.com/articles/s41597-021-00860-8	Molecular Microbiology Facility (MMF) at Memorial Sloan Kettering	Liao_et_al_Data	16S, V4-V5	Illumina MiSeq	Sequencing by synthesis	FWD:AYTGGGYDTAAAGNG, REV:CCGTCAATTYHTTTRAGT	FMT.0197I..pool788	Molecular Microbiology Facility (MMF)	16S rRNA	V4-V5
FMT.0197J	CCGTCAATTYHTTTRAGT	Illumina	https://www.nature.com/articles/s41597-021-00860-8	Molecular Microbiology Facility (MMF) at Memorial Sloan Kettering	Liao_et_al_Data	16S, V4-V5	Illumina MiSeq	Sequencing by synthesis	FWD:AYTGGGYDTAAAGNG, REV:CCGTCAATTYHTTTRAGT	FMT.0197J..pool768	Molecular Microbiology Facility (MMF)	16S rRNA	V4-V5
FMT.0197K	CCGTCAATTYHTTTRAGT	Illumina	https://www.nature.com/articles/s41597-021-00860-8	Molecular Microbiology Facility (MMF) at Memorial Sloan Kettering	Liao_et_al_Data	16S, V4-V5	Illumina MiSeq	Sequencing by synthesis	FWD:AYTGGGYDTAAAGNG, REV:CCGTCAATTYHTTTRAGT	FMT.0197K..pool788	Molecular Microbiology Facility (MMF)	16S rRNA	V4-V5
FMT.0197L	CCGTCAATTYHTTTRAGT	Illumina	https://www.nature.com/articles/s41597-021-00860-8	Molecular Microbiology Facility (MMF) at Memorial Sloan Kettering	Liao_et_al_Data	16S, V4-V5	Illumina MiSeq	Sequencing by synthesis	FWD:AYTGGGYDTAAAGNG, REV:CCGTCAATTYHTTTRAGT	FMT.0197L..pool768	Molecular Microbiology Facility (MMF)	16S rRNA	V4-V5
FMT.0197M	CCGTCAATTYHTTTRAGT	Illumina	https://www.nature.com/articles/s41597-021-00860-8	Molecular Microbiology Facility (MMF) at Memorial Sloan Kettering	Liao_et_al_Data	16S, V4-V5	Illumina MiSeq	Sequencing by synthesis	FWD:AYTGGGYDTAAAGNG, REV:CCGTCAATTYHTTTRAGT	FMT.0197M..pool788	Molecular Microbiology Facility (MMF)	16S rRNA	V4-V5
FMT.0197N	CCGTCAATTYHTTTRAGT	Illumina	https://www.nature.com/articles/s41597-021-00860-8	Molecular Microbiology Facility (MMF) at Memorial Sloan Kettering	Liao_et_al_Data	16S, V4-V5	Illumina MiSeq	Sequencing by synthesis	FWD:AYTGGGYDTAAAGNG, REV:CCGTCAATTYHTTTRAGT	FMT.0197N..pool788	Molecular Microbiology Facility (MMF)	16S rRNA	V4-V5
FMT.0197O	CCGTCAATTYHTTTRAGT	Illumina	https://www.nature.com/articles/s41597-021-00860-8	Molecular Microbiology Facility (MMF) at Memorial Sloan Kettering	Liao_et_al_Data	16S, V4-V5	Illumina MiSeq	Sequencing by synthesis	FWD:AYTGGGYDTAAAGNG, REV:CCGTCAATTYHTTTRAGT	FMT.0197O..pool788	Molecular Microbiology Facility (MMF)	16S rRNA	V4-V5
FMT.0197P	CCGTCAATTYHTTTRAGT	Illumina	https://www.nature.com/articles/s41597-021-00860-8	Molecular Microbiology Facility (MMF) at Memorial Sloan Kettering	Liao_et_al_Data	16S, V4-V5	Illumina MiSeq	Sequencing by synthesis	FWD:AYTGGGYDTAAAGNG, REV:CCGTCAATTYHTTTRAGT	FMT.0197P..pool788	Molecular Microbiology Facility (MMF)	16S rRNA	V4-V5
FMT.0197Q	CCGTCAATTYHTTTRAGT	Illumina	https://www.nature.com/articles/s41597-021-00860-8	Molecular Microbiology Facility (MMF) at Memorial Sloan Kettering	Liao_et_al_Data	16S, V4-V5	Illumina MiSeq	Sequencing by synthesis	FWD:AYTGGGYDTAAAGNG, REV:CCGTCAATTYHTTTRAGT	FMT.0197Q..pool788	Molecular Microbiology Facility (MMF)	16S rRNA	V4-V5
FMT.0197R	CCGTCAATTYHTTTRAGT	Illumina	https://www.nature.com/articles/s41597-021-00860-8	Molecular Microbiology Facility (MMF) at Memorial Sloan Kettering	Liao_et_al_Data	16S, V4-V5	Illumina MiSeq	Sequencing by synthesis	FWD:AYTGGGYDTAAAGNG, REV:CCGTCAATTYHTTTRAGT	FMT.0197R..pool788	Molecular Microbiology Facility (MMF)	16S rRNA	V4-V5
FMT.0197S	CCGTCAATTYHTTTRAGT	Illumina	https://www.nature.com/articles/s41597-021-00860-8	Molecular Microbiology Facility (MMF) at Memorial Sloan Kettering	Liao_et_al_Data	16S, V4-V5	Illumina MiSeq	Sequencing by synthesis	FWD:AYTGGGYDTAAAGNG, REV:CCGTCAATTYHTTTRAGT	FMT.0197S..pool788	Molecular Microbiology Facility (MMF)	16S rRNA	V4-V5
FMT.0197T	CCGTCAATTYHTTTRAGT	Illumina	https://www.nature.com/articles/s41597-021-00860-8	Molecular Microbiology Facility (MMF) at Memorial Sloan Kettering	Liao_et_al_Data	16S, V4-V5	Illumina MiSeq	Sequencing by synthesis	FWD:AYTGGGYDTAAAGNG, REV:CCGTCAATTYHTTTRAGT	FMT.0197T..pool788	Molecular Microbiology Facility (MMF)	16S rRNA	V4-V5
FMT.0197U	CCGTCAATTYHTTTRAGT	Illumina	https://www.nature.com/articles/s41597-021-00860-8	Molecular Microbiology Facility (MMF) at Memorial Sloan Kettering	Liao_et_al_Data	16S, V4-V5	Illumina MiSeq	Sequencing by synthesis	FWD:AYTGGGYDTAAAGNG, REV:CCGTCAATTYHTTTRAGT	FMT.0197U..pool788	Molecular Microbiology Facility (MMF)	16S rRNA	V4-V5
FMT.0199A	CCGTCAATTYHTTTRAGT	Illumina	https://www.nature.com/articles/s41597-021-00860-8	Molecular Microbiology Facility (MMF) at Memorial Sloan Kettering	Liao_et_al_Data	16S, V4-V5	Illumina MiSeq	Sequencing by synthesis	FWD:AYTGGGYDTAAAGNG, REV:CCGTCAATTYHTTTRAGT	FMT.0199A..pool754	Molecular Microbiology Facility (MMF)	16S rRNA	V4-V5
FMT.0199B	CCGTCAATTYHTTTRAGT	Illumina	https://www.nature.com/articles/s41597-021-00860-8	Molecular Microbiology Facility (MMF) at Memorial Sloan Kettering	Liao_et_al_Data	16S, V4-V5	Illumina MiSeq	Sequencing by synthesis	FWD:AYTGGGYDTAAAGNG, REV:CCGTCAATTYHTTTRAGT	FMT.0199B..pool779	Molecular Microbiology Facility (MMF)	16S rRNA	V4-V5
FMT.0200I	CCGTCAATTYHTTTRAGT	Illumina	https://www.nature.com/articles/s41597-021-00860-8	Molecular Microbiology Facility (MMF) at Memorial Sloan Kettering	Liao_et_al_Data	16S, V4-V5	Illumina MiSeq	Sequencing by synthesis	FWD:AYTGGGYDTAAAGNG, REV:CCGTCAATTYHTTTRAGT	FMT.0200I..pool754	Molecular Microbiology Facility (MMF)	16S rRNA	V4-V5
FMT.0200P	CCGTCAATTYHTTTRAGT	Illumina	https://www.nature.com/articles/s41597-021-00860-8	Molecular Microbiology Facility (MMF) at Memorial Sloan Kettering	Liao_et_al_Data	16S, V4-V5	Illumina MiSeq	Sequencing by synthesis	FWD:AYTGGGYDTAAAGNG, REV:CCGTCAATTYHTTTRAGT	FMT.0200P..pool788	Molecular Microbiology Facility (MMF)	16S rRNA	V4-V5
FMT.0200Q	CCGTCAATTYHTTTRAGT	Illumina	https://www.nature.com/articles/s41597-021-00860-8	Molecular Microbiology Facility (MMF) at Memorial Sloan Kettering	Liao_et_al_Data	16S, V4-V5	Illumina MiSeq	Sequencing by synthesis	FWD:AYTGGGYDTAAAGNG, REV:CCGTCAATTYHTTTRAGT	FMT.0200Q..pool788	Molecular Microbiology Facility (MMF)	16S rRNA	V4-V5
FMT.0200R	CCGTCAATTYHTTTRAGT	Illumina	https://www.nature.com/articles/s41597-021-00860-8	Molecular Microbiology Facility (MMF) at Memorial Sloan Kettering	Liao_et_al_Data	16S, V4-V5	Illumina MiSeq	Sequencing by synthesis	FWD:AYTGGGYDTAAAGNG, REV:CCGTCAATTYHTTTRAGT	FMT.0200R..pool788	Molecular Microbiology Facility (MMF)	16S rRNA	V4-V5
FMT.0200S	CCGTCAATTYHTTTRAGT	Illumina	https://www.nature.com/articles/s41597-021-00860-8	Molecular Microbiology Facility (MMF) at Memorial Sloan Kettering	Liao_et_al_Data	16S, V4-V5	Illumina MiSeq	Sequencing by synthesis	FWD:AYTGGGYDTAAAGNG, REV:CCGTCAATTYHTTTRAGT	FMT.0200S..pool788	Molecular Microbiology Facility (MMF)	16S rRNA	V4-V5
FMT.0205A	CCGTCAATTYHTTTRAGT	Illumina	https://www.nature.com/articles/s41597-021-00860-8	Molecular Microbiology Facility (MMF) at Memorial Sloan Kettering	Liao_et_al_Data	16S, V4-V5	Illumina MiSeq	Sequencing by synthesis	FWD:AYTGGGYDTAAAGNG, REV:CCGTCAATTYHTTTRAGT	FMT.0205A..pool754	Molecular Microbiology Facility (MMF)	16S rRNA	V4-V5
FMT.0207A	CCGTCAATTYHTTTRAGT	Illumina	https://www.nature.com/articles/s41597-021-00860-8	Molecular Microbiology Facility (MMF) at Memorial Sloan Kettering	Liao_et_al_Data	16S, V4-V5	Illumina MiSeq	Sequencing by synthesis	FWD:AYTGGGYDTAAAGNG, REV:CCGTCAATTYHTTTRAGT	FMT.0207A..pool754	Molecular Microbiology Facility (MMF)	16S rRNA	V4-V5
FMT.0208Q	CCGTCAATTYHTTTRAGT	Illumina	https://www.nature.com/articles/s41597-021-00860-8	Molecular Microbiology Facility (MMF) at Memorial Sloan Kettering	Liao_et_al_Data	16S, V4-V5	Illumina MiSeq	Sequencing by synthesis	FWD:AYTGGGYDTAAAGNG, REV:CCGTCAATTYHTTTRAGT	FMT.0208Q..pool788	Molecular Microbiology Facility (MMF)	16S rRNA	V4-V5
FMT.0208R	CCGTCAATTYHTTTRAGT	Illumina	https://www.nature.com/articles/s41597-021-00860-8	Molecular Microbiology Facility (MMF) at Memorial Sloan Kettering	Liao_et_al_Data	16S, V4-V5	Illumina MiSeq	Sequencing by synthesis	FWD:AYTGGGYDTAAAGNG, REV:CCGTCAATTYHTTTRAGT	FMT.0208R..pool788	Molecular Microbiology Facility (MMF)	16S rRNA	V4-V5
FMT.0208S	CCGTCAATTYHTTTRAGT	Illumina	https://www.nature.com/articles/s41597-021-00860-8	Molecular Microbiology Facility (MMF) at Memorial Sloan Kettering	Liao_et_al_Data	16S, V4-V5	Illumina MiSeq	Sequencing by synthesis	FWD:AYTGGGYDTAAAGNG, REV:CCGTCAATTYHTTTRAGT	FMT.0208S..pool788	Molecular Microbiology Facility (MMF)	16S rRNA	V4-V5
FMT.0208T	CCGTCAATTYHTTTRAGT	Illumina	https://www.nature.com/articles/s41597-021-00860-8	Molecular Microbiology Facility (MMF) at Memorial Sloan Kettering	Liao_et_al_Data	16S, V4-V5	Illumina MiSeq	Sequencing by synthesis	FWD:AYTGGGYDTAAAGNG, REV:CCGTCAATTYHTTTRAGT	FMT.0208T..pool788	Molecular Microbiology Facility (MMF)	16S rRNA	V4-V5
FMT.0208U	CCGTCAATTYHTTTRAGT	Illumina	https://www.nature.com/articles/s41597-021-00860-8	Molecular Microbiology Facility (MMF) at Memorial Sloan Kettering	Liao_et_al_Data	16S, V4-V5	Illumina MiSeq	Sequencing by synthesis	FWD:AYTGGGYDTAAAGNG, REV:CCGTCAATTYHTTTRAGT	FMT.0208U..pool788	Molecular Microbiology Facility (MMF)	16S rRNA	V4-V5
FMT.0208V	CCGTCAATTYHTTTRAGT	Illumina	https://www.nature.com/articles/s41597-021-00860-8	Molecular Microbiology Facility (MMF) at Memorial Sloan Kettering	Liao_et_al_Data	16S, V4-V5	Illumina MiSeq	Sequencing by synthesis	FWD:AYTGGGYDTAAAGNG, REV:CCGTCAATTYHTTTRAGT	FMT.0208V..pool788	Molecular Microbiology Facility (MMF)	16S rRNA	V4-V5
FMT.0208W	CCGTCAATTYHTTTRAGT	Illumina	https://www.nature.com/articles/s41597-021-00860-8	Molecular Microbiology Facility (MMF) at Memorial Sloan Kettering	Liao_et_al_Data	16S, V4-V5	Illumina MiSeq	Sequencing by synthesis	FWD:AYTGGGYDTAAAGNG, REV:CCGTCAATTYHTTTRAGT	FMT.0208W..pool788	Molecular Microbiology Facility (MMF)	16S rRNA	V4-V5
FMT.0208X	CCGTCAATTYHTTTRAGT	Illumina	https://www.nature.com/articles/s41597-021-00860-8	Molecular Microbiology Facility (MMF) at Memorial Sloan Kettering	Liao_et_al_Data	16S, V4-V5	Illumina MiSeq	Sequencing by synthesis	FWD:AYTGGGYDTAAAGNG, REV:CCGTCAATTYHTTTRAGT	FMT.0208X..pool788	Molecular Microbiology Facility (MMF)	16S rRNA	V4-V5
FMT.0208Y	CCGTCAATTYHTTTRAGT	Illumina	https://www.nature.com/articles/s41597-021-00860-8	Molecular Microbiology Facility (MMF) at Memorial Sloan Kettering	Liao_et_al_Data	16S, V4-V5	Illumina MiSeq	Sequencing by synthesis	FWD:AYTGGGYDTAAAGNG, REV:CCGTCAATTYHTTTRAGT	FMT.0208Y..pool788	Molecular Microbiology Facility (MMF)	16S rRNA	V4-V5
FMT.0208Z	CCGTCAATTYHTTTRAGT	Illumina	https://www.nature.com/articles/s41597-021-00860-8	Molecular Microbiology Facility (MMF) at Memorial Sloan Kettering	Liao_et_al_Data	16S, V4-V5	Illumina MiSeq	Sequencing by synthesis	FWD:AYTGGGYDTAAAGNG, REV:CCGTCAATTYHTTTRAGT	FMT.0208Z..pool788	Molecular Microbiology Facility (MMF)	16S rRNA	V4-V5
FMT.0211B	CCGTCAATTYHTTTRAGT	Illumina	https://www.nature.com/articles/s41597-021-00860-8	Molecular Microbiology Facility (MMF) at Memorial Sloan Kettering	Liao_et_al_Data	16S, V4-V5	Illumina MiSeq	Sequencing by synthesis	FWD:AYTGGGYDTAAAGNG, REV:CCGTCAATTYHTTTRAGT	FMT.0211B..pool799	Molecular Microbiology Facility (MMF)	16S rRNA	V4-V5
FMT.0211C	CCGTCAATTYHTTTRAGT	Illumina	https://www.nature.com/articles/s41597-021-00860-8	Molecular Microbiology Facility (MMF) at Memorial Sloan Kettering	Liao_et_al_Data	16S, V4-V5	Illumina MiSeq	Sequencing by synthesis	FWD:AYTGGGYDTAAAGNG, REV:CCGTCAATTYHTTTRAGT	FMT.0211C..pool799	Molecular Microbiology Facility (MMF)	16S rRNA	V4-V5
FMT.0211D	CCGTCAATTYHTTTRAGT	Illumina	https://www.nature.com/articles/s41597-021-00860-8	Molecular Microbiology Facility (MMF) at Memorial Sloan Kettering	Liao_et_al_Data	16S, V4-V5	Illumina MiSeq	Sequencing by synthesis	FWD:AYTGGGYDTAAAGNG, REV:CCGTCAATTYHTTTRAGT	FMT.0211D..pool799	Molecular Microbiology Facility (MMF)	16S rRNA	V4-V5
FMT.0211E	CCGTCAATTYHTTTRAGT	Illumina	https://www.nature.com/articles/s41597-021-00860-8	Molecular Microbiology Facility (MMF) at Memorial Sloan Kettering	Liao_et_al_Data	16S, V4-V5	Illumina MiSeq	Sequencing by synthesis	FWD:AYTGGGYDTAAAGNG, REV:CCGTCAATTYHTTTRAGT	FMT.0211E..pool799	Molecular Microbiology Facility (MMF)	16S rRNA	V4-V5
FMT.0211F	CCGTCAATTYHTTTRAGT	Illumina	https://www.nature.com/articles/s41597-021-00860-8	Molecular Microbiology Facility (MMF) at Memorial Sloan Kettering	Liao_et_al_Data	16S, V4-V5	Illumina MiSeq	Sequencing by synthesis	FWD:AYTGGGYDTAAAGNG, REV:CCGTCAATTYHTTTRAGT	FMT.0211F..pool799	Molecular Microbiology Facility (MMF)	16S rRNA	V4-V5
FMT.0211G	CCGTCAATTYHTTTRAGT	Illumina	https://www.nature.com/articles/s41597-021-00860-8	Molecular Microbiology Facility (MMF) at Memorial Sloan Kettering	Liao_et_al_Data	16S, V4-V5	Illumina MiSeq	Sequencing by synthesis	FWD:AYTGGGYDTAAAGNG, REV:CCGTCAATTYHTTTRAGT	FMT.0211G..pool799	Molecular Microbiology Facility (MMF)	16S rRNA	V4-V5
FMT.0211K	CCGTCAATTYHTTTRAGT	Illumina	https://www.nature.com/articles/s41597-021-00860-8	Molecular Microbiology Facility (MMF) at Memorial Sloan Kettering	Liao_et_al_Data	16S, V4-V5	Illumina MiSeq	Sequencing by synthesis	FWD:AYTGGGYDTAAAGNG, REV:CCGTCAATTYHTTTRAGT	FMT.0211K..pool799	Molecular Microbiology Facility (MMF)	16S rRNA	V4-V5
FMT.0211O	CCGTCAATTYHTTTRAGT	Illumina	https://www.nature.com/articles/s41597-021-00860-8	Molecular Microbiology Facility (MMF) at Memorial Sloan Kettering	Liao_et_al_Data	16S, V4-V5	Illumina MiSeq	Sequencing by synthesis	FWD:AYTGGGYDTAAAGNG, REV:CCGTCAATTYHTTTRAGT	FMT.0211O..pool799	Molecular Microbiology Facility (MMF)	16S rRNA	V4-V5
FMT.0213A	CCGTCAATTYHTTTRAGT	Illumina	https://www.nature.com/articles/s41597-021-00860-8	Molecular Microbiology Facility (MMF) at Memorial Sloan Kettering	Liao_et_al_Data	16S, V4-V5	Illumina MiSeq	Sequencing by synthesis	FWD:AYTGGGYDTAAAGNG, REV:CCGTCAATTYHTTTRAGT	FMT.0213A..pool768	Molecular Microbiology Facility (MMF)	16S rRNA	V4-V5
FMT.0214E	CCGTCAATTYHTTTRAGT	Illumina	https://www.nature.com/articles/s41597-021-00860-8	Molecular Microbiology Facility (MMF) at Memorial Sloan Kettering	Liao_et_al_Data	16S, V4-V5	Illumina MiSeq	Sequencing by synthesis	FWD:AYTGGGYDTAAAGNG, REV:CCGTCAATTYHTTTRAGT	FMT.0214E..pool768	Molecular Microbiology Facility (MMF)	16S rRNA	V4-V5
FMT.0215A	CCGTCAATTYHTTTRAGT	Illumina	https://www.nature.com/articles/s41597-021-00860-8	Molecular Microbiology Facility (MMF) at Memorial Sloan Kettering	Liao_et_al_Data	16S, V4-V5	Illumina MiSeq	Sequencing by synthesis	FWD:AYTGGGYDTAAAGNG, REV:CCGTCAATTYHTTTRAGT	FMT.0215A..pool779	Molecular Microbiology Facility (MMF)	16S rRNA	V4-V5
FMT.0215B	CCGTCAATTYHTTTRAGT	Illumina	https://www.nature.com/articles/s41597-021-00860-8	Molecular Microbiology Facility (MMF) at Memorial Sloan Kettering	Liao_et_al_Data	16S, V4-V5	Illumina MiSeq	Sequencing by synthesis	FWD:AYTGGGYDTAAAGNG, REV:CCGTCAATTYHTTTRAGT	FMT.0215B..pool779	Molecular Microbiology Facility (MMF)	16S rRNA	V4-V5
FMT.0215C	CCGTCAATTYHTTTRAGT	Illumina	https://www.nature.com/articles/s41597-021-00860-8	Molecular Microbiology Facility (MMF) at Memorial Sloan Kettering	Liao_et_al_Data	16S, V4-V5	Illumina MiSeq	Sequencing by synthesis	FWD:AYTGGGYDTAAAGNG, REV:CCGTCAATTYHTTTRAGT	FMT.0215C..pool779	Molecular Microbiology Facility (MMF)	16S rRNA	V4-V5
FMT.0215D	CCGTCAATTYHTTTRAGT	Illumina	https://www.nature.com/articles/s41597-021-00860-8	Molecular Microbiology Facility (MMF) at Memorial Sloan Kettering	Liao_et_al_Data	16S, V4-V5	Illumina MiSeq	Sequencing by synthesis	FWD:AYTGGGYDTAAAGNG, REV:CCGTCAATTYHTTTRAGT	FMT.0215D..pool779	Molecular Microbiology Facility (MMF)	16S rRNA	V4-V5
FMT.0216A	CCGTCAATTYHTTTRAGT	Illumina	https://www.nature.com/articles/s41597-021-00860-8	Molecular Microbiology Facility (MMF) at Memorial Sloan Kettering	Liao_et_al_Data	16S, V4-V5	Illumina MiSeq	Sequencing by synthesis	FWD:AYTGGGYDTAAAGNG, REV:CCGTCAATTYHTTTRAGT	FMT.0216A..pool768	Molecular Microbiology Facility (MMF)	16S rRNA	V4-V5
FMT.0217A	CCGTCAATTYHTTTRAGT	Illumina	https://www.nature.com/articles/s41597-021-00860-8	Molecular Microbiology Facility (MMF) at Memorial Sloan Kettering	Liao_et_al_Data	16S, V4-V5	Illumina MiSeq	Sequencing by synthesis	FWD:AYTGGGYDTAAAGNG, REV:CCGTCAATTYHTTTRAGT	FMT.0217A..pool768	Molecular Microbiology Facility (MMF)	16S rRNA	V4-V5
FMT.0217B	CCGTCAATTYHTTTRAGT	Illumina	https://www.nature.com/articles/s41597-021-00860-8	Molecular Microbiology Facility (MMF) at Memorial Sloan Kettering	Liao_et_al_Data	16S, V4-V5	Illumina MiSeq	Sequencing by synthesis	FWD:AYTGGGYDTAAAGNG, REV:CCGTCAATTYHTTTRAGT	FMT.0217B..pool779	Molecular Microbiology Facility (MMF)	16S rRNA	V4-V5
FMT.0217C	CCGTCAATTYHTTTRAGT	Illumina	https://www.nature.com/articles/s41597-021-00860-8	Molecular Microbiology Facility (MMF) at Memorial Sloan Kettering	Liao_et_al_Data	16S, V4-V5	Illumina MiSeq	Sequencing by synthesis	FWD:AYTGGGYDTAAAGNG, REV:CCGTCAATTYHTTTRAGT	FMT.0217C..pool779	Molecular Microbiology Facility (MMF)	16S rRNA	V4-V5
FMT.0217D	CCGTCAATTYHTTTRAGT	Illumina	https://www.nature.com/articles/s41597-021-00860-8	Molecular Microbiology Facility (MMF) at Memorial Sloan Kettering	Liao_et_al_Data	16S, V4-V5	Illumina MiSeq	Sequencing by synthesis	FWD:AYTGGGYDTAAAGNG, REV:CCGTCAATTYHTTTRAGT	FMT.0217D..pool779	Molecular Microbiology Facility (MMF)	16S rRNA	V4-V5
FMT.0217E	CCGTCAATTYHTTTRAGT	Illumina	https://www.nature.com/articles/s41597-021-00860-8	Molecular Microbiology Facility (MMF) at Memorial Sloan Kettering	Liao_et_al_Data	16S, V4-V5	Illumina MiSeq	Sequencing by synthesis	FWD:AYTGGGYDTAAAGNG, REV:CCGTCAATTYHTTTRAGT	FMT.0217E..pool779	Molecular Microbiology Facility (MMF)	16S rRNA	V4-V5
FMT.0217F	CCGTCAATTYHTTTRAGT	Illumina	https://www.nature.com/articles/s41597-021-00860-8	Molecular Microbiology Facility (MMF) at Memorial Sloan Kettering	Liao_et_al_Data	16S, V4-V5	Illumina MiSeq	Sequencing by synthesis	FWD:AYTGGGYDTAAAGNG, REV:CCGTCAATTYHTTTRAGT	FMT.0217F..pool779	Molecular Microbiology Facility (MMF)	16S rRNA	V4-V5
FMT.0217G	CCGTCAATTYHTTTRAGT	Illumina	https://www.nature.com/articles/s41597-021-00860-8	Molecular Microbiology Facility (MMF) at Memorial Sloan Kettering	Liao_et_al_Data	16S, V4-V5	Illumina MiSeq	Sequencing by synthesis	FWD:AYTGGGYDTAAAGNG, REV:CCGTCAATTYHTTTRAGT	FMT.0217G..pool779	Molecular Microbiology Facility (MMF)	16S rRNA	V4-V5
FMT.0217H	CCGTCAATTYHTTTRAGT	Illumina	https://www.nature.com/articles/s41597-021-00860-8	Molecular Microbiology Facility (MMF) at Memorial Sloan Kettering	Liao_et_al_Data	16S, V4-V5	Illumina MiSeq	Sequencing by synthesis	FWD:AYTGGGYDTAAAGNG, REV:CCGTCAATTYHTTTRAGT	FMT.0217H..pool779	Molecular Microbiology Facility (MMF)	16S rRNA	V4-V5
FMT.0217J	CCGTCAATTYHTTTRAGT	Illumina	https://www.nature.com/articles/s41597-021-00860-8	Molecular Microbiology Facility (MMF) at Memorial Sloan Kettering	Liao_et_al_Data	16S, V4-V5	Illumina MiSeq	Sequencing by synthesis	FWD:AYTGGGYDTAAAGNG, REV:CCGTCAATTYHTTTRAGT	FMT.0217J..pool779	Molecular Microbiology Facility (MMF)	16S rRNA	V4-V5
FMT.0217K	CCGTCAATTYHTTTRAGT	Illumina	https://www.nature.com/articles/s41597-021-00860-8	Molecular Microbiology Facility (MMF) at Memorial Sloan Kettering	Liao_et_al_Data	16S, V4-V5	Illumina MiSeq	Sequencing by synthesis	FWD:AYTGGGYDTAAAGNG, REV:CCGTCAATTYHTTTRAGT	FMT.0217K..pool779	Molecular Microbiology Facility (MMF)	16S rRNA	V4-V5
FMT.0219A	CCGTCAATTYHTTTRAGT	Illumina	https://www.nature.com/articles/s41597-021-00860-8	Molecular Microbiology Facility (MMF) at Memorial Sloan Kettering	Liao_et_al_Data	16S, V4-V5	Illumina MiSeq	Sequencing by synthesis	FWD:AYTGGGYDTAAAGNG, REV:CCGTCAATTYHTTTRAGT	FMT.0219A..pool768	Molecular Microbiology Facility (MMF)	16S rRNA	V4-V5
FMT.0220A	CCGTCAATTYHTTTRAGT	Illumina	https://www.nature.com/articles/s41597-021-00860-8	Molecular Microbiology Facility (MMF) at Memorial Sloan Kettering	Liao_et_al_Data	16S, V4-V5	Illumina MiSeq	Sequencing by synthesis	FWD:AYTGGGYDTAAAGNG, REV:CCGTCAATTYHTTTRAGT	FMT.0220A..pool768	Molecular Microbiology Facility (MMF)	16S rRNA	V4-V5
FMT.0221B	CCGTCAATTYHTTTRAGT	Illumina	https://www.nature.com/articles/s41597-021-00860-8	Molecular Microbiology Facility (MMF) at Memorial Sloan Kettering	Liao_et_al_Data	16S, V4-V5	Illumina MiSeq	Sequencing by synthesis	FWD:AYTGGGYDTAAAGNG, REV:CCGTCAATTYHTTTRAGT	FMT.0221B..pool779	Molecular Microbiology Facility (MMF)	16S rRNA	V4-V5
FMT.0221C	CCGTCAATTYHTTTRAGT	Illumina	https://www.nature.com/articles/s41597-021-00860-8	Molecular Microbiology Facility (MMF) at Memorial Sloan Kettering	Liao_et_al_Data	16S, V4-V5	Illumina MiSeq	Sequencing by synthesis	FWD:AYTGGGYDTAAAGNG, REV:CCGTCAATTYHTTTRAGT	FMT.0221C..pool779	Molecular Microbiology Facility (MMF)	16S rRNA	V4-V5
FMT.0221D	CCGTCAATTYHTTTRAGT	Illumina	https://www.nature.com/articles/s41597-021-00860-8	Molecular Microbiology Facility (MMF) at Memorial Sloan Kettering	Liao_et_al_Data	16S, V4-V5	Illumina MiSeq	Sequencing by synthesis	FWD:AYTGGGYDTAAAGNG, REV:CCGTCAATTYHTTTRAGT	FMT.0221D..pool779	Molecular Microbiology Facility (MMF)	16S rRNA	V4-V5
FMT.0221E	CCGTCAATTYHTTTRAGT	Illumina	https://www.nature.com/articles/s41597-021-00860-8	Molecular Microbiology Facility (MMF) at Memorial Sloan Kettering	Liao_et_al_Data	16S, V4-V5	Illumina MiSeq	Sequencing by synthesis	FWD:AYTGGGYDTAAAGNG, REV:CCGTCAATTYHTTTRAGT	FMT.0221E..pool779	Molecular Microbiology Facility (MMF)	16S rRNA	V4-V5
FMT.0221G	CCGTCAATTYHTTTRAGT	Illumina	https://www.nature.com/articles/s41597-021-00860-8	Molecular Microbiology Facility (MMF) at Memorial Sloan Kettering	Liao_et_al_Data	16S, V4-V5	Illumina MiSeq	Sequencing by synthesis	FWD:AYTGGGYDTAAAGNG, REV:CCGTCAATTYHTTTRAGT	FMT.0221G..pool779	Molecular Microbiology Facility (MMF)	16S rRNA	V4-V5
FMT.0222A	CCGTCAATTYHTTTRAGT	Illumina	https://www.nature.com/articles/s41597-021-00860-8	Molecular Microbiology Facility (MMF) at Memorial Sloan Kettering	Liao_et_al_Data	16S, V4-V5	Illumina MiSeq	Sequencing by synthesis	FWD:AYTGGGYDTAAAGNG, REV:CCGTCAATTYHTTTRAGT	FMT.0222A..pool768	Molecular Microbiology Facility (MMF)	16S rRNA	V4-V5
FMT.0223B	CCGTCAATTYHTTTRAGT	Illumina	https://www.nature.com/articles/s41597-021-00860-8	Molecular Microbiology Facility (MMF) at Memorial Sloan Kettering	Liao_et_al_Data	16S, V4-V5	Illumina MiSeq	Sequencing by synthesis	FWD:AYTGGGYDTAAAGNG, REV:CCGTCAATTYHTTTRAGT	FMT.0223B..pool779	Molecular Microbiology Facility (MMF)	16S rRNA	V4-V5
FMT.0223C	CCGTCAATTYHTTTRAGT	Illumina	https://www.nature.com/articles/s41597-021-00860-8	Molecular Microbiology Facility (MMF) at Memorial Sloan Kettering	Liao_et_al_Data	16S, V4-V5	Illumina MiSeq	Sequencing by synthesis	FWD:AYTGGGYDTAAAGNG, REV:CCGTCAATTYHTTTRAGT	FMT.0223C..pool779	Molecular Microbiology Facility (MMF)	16S rRNA	V4-V5
FMT.0224A	CCGTCAATTYHTTTRAGT	Illumina	https://www.nature.com/articles/s41597-021-00860-8	Molecular Microbiology Facility (MMF) at Memorial Sloan Kettering	Liao_et_al_Data	16S, V4-V5	Illumina MiSeq	Sequencing by synthesis	FWD:AYTGGGYDTAAAGNG, REV:CCGTCAATTYHTTTRAGT	FMT.0224A..pool768	Molecular Microbiology Facility (MMF)	16S rRNA	V4-V5
FMT.0242A	CCGTCAATTYHTTTRAGT	Illumina	https://www.nature.com/articles/s41597-021-00860-8	Molecular Microbiology Facility (MMF) at Memorial Sloan Kettering	Liao_et_al_Data	16S, V4-V5	Illumina MiSeq	Sequencing by synthesis	FWD:AYTGGGYDTAAAGNG, REV:CCGTCAATTYHTTTRAGT	FMT.0242A..pool799	Molecular Microbiology Facility (MMF)	16S rRNA	V4-V5
FMT.0248A	CCGTCAATTYHTTTRAGT	Illumina	https://www.nature.com/articles/s41597-021-00860-8	Molecular Microbiology Facility (MMF) at Memorial Sloan Kettering	Liao_et_al_Data	16S, V4-V5	Illumina MiSeq	Sequencing by synthesis	FWD:AYTGGGYDTAAAGNG, REV:CCGTCAATTYHTTTRAGT	FMT.0248A..pool799	Molecular Microbiology Facility (MMF)	16S rRNA	V4-V5
